Id,IsActive,IsDeleted,CreatedOn,LastModifiedOn,DeletedOn,ArtistId,OrganizerId,PublicUserId,EventId,GenreId,IsMainGenre
230,t,f,2025-04-22 14:32:20.768587+00,2025-04-22 14:32:20.768587+00,,,,19,,32,t
250,t,f,2025-04-28 18:28:03.069538+00,2025-04-28 18:28:03.069539+00,,,,20,,26,t
255,t,f,2025-05-27 12:24:35.528248+00,2025-05-27 12:24:35.528248+00,,104,,,,26,t
256,t,f,2025-05-27 12:24:35.528249+00,2025-05-27 12:24:35.528249+00,,104,,,,30,f
257,t,f,2025-07-23 15:45:36.15706+00,2025-07-23 15:45:36.157061+00,,105,,,,26,t
258,t,f,2025-07-23 15:45:36.157119+00,2025-07-23 15:45:36.157119+00,,105,,,,29,f
260,t,f,2025-05-27 18:24:25.062642+00,2025-05-27 18:24:25.062642+00,,107,,,,26,t
261,t,f,2025-10-17 15:21:43.576525+00,2025-10-17 15:21:43.576525+00,,108,,,,33,t
262,t,f,2025-10-17 15:21:43.576526+00,2025-10-17 15:21:43.576526+00,,108,,,,26,f
263,t,f,2025-06-03 15:27:17.541462+00,2025-06-03 15:27:17.541462+00,,,,,111,26,t
264,t,f,2025-06-03 15:48:27.945696+00,2025-06-03 15:48:27.945696+00,,,,,112,26,t
267,t,f,2025-06-06 17:05:03.006707+00,2025-06-06 17:05:03.006708+00,,,,,115,36,t
268,t,f,2025-06-09 08:35:12.149486+00,2025-06-09 08:35:12.149486+00,,,,,116,36,t
269,t,f,2025-06-09 08:39:35.460842+00,2025-06-09 08:39:35.460842+00,,,,,117,36,t
271,t,f,2025-06-09 08:50:22.513869+00,2025-06-09 08:50:22.513869+00,,,,,119,36,t
272,t,f,2025-06-09 09:08:37.724792+00,2025-06-09 09:08:37.724792+00,,,,,120,36,t
273,t,f,2025-06-09 09:11:58.331756+00,2025-06-09 09:11:58.331756+00,,,,,121,36,t
274,t,f,2025-06-09 09:15:45.749229+00,2025-06-09 09:15:45.749229+00,,,,,122,36,t
275,t,f,2025-06-09 09:17:49.782592+00,2025-06-09 09:17:49.782592+00,,,,,123,36,t
276,t,f,2025-06-09 09:19:58.600371+00,2025-06-09 09:19:58.600371+00,,,,,124,36,t
277,t,f,2025-06-09 09:22:30.302728+00,2025-06-09 09:22:30.302729+00,,,,,125,36,t
279,t,f,2025-06-09 09:28:00.598876+00,2025-06-09 09:28:00.598876+00,,,,,127,36,t
280,t,f,2025-06-09 09:29:59.583445+00,2025-06-09 09:29:59.583445+00,,,,,128,36,t
281,t,f,2025-06-09 09:31:51.119758+00,2025-06-09 09:31:51.119758+00,,,,,129,36,t
282,t,f,2025-06-09 09:34:04.180499+00,2025-06-09 09:34:04.180499+00,,,,,130,36,t
283,t,f,2025-06-09 09:36:04.63992+00,2025-06-09 09:36:04.63992+00,,,,,131,36,t
284,t,f,2025-06-09 09:39:26.704282+00,2025-06-09 09:39:26.704282+00,,,,,132,36,t
285,t,f,2025-06-09 09:41:25.648023+00,2025-06-09 09:41:25.648023+00,,,,,133,36,t
286,t,f,2025-06-09 09:43:38.689509+00,2025-06-09 09:43:38.689509+00,,,,,134,36,t
290,t,f,2025-06-09 10:50:54.172363+00,2025-06-09 10:50:54.172363+00,,,,,135,26,t
291,t,f,2025-06-09 10:53:44.180437+00,2025-06-09 10:53:44.180437+00,,,,,136,26,t
292,t,f,2025-06-09 10:56:05.555726+00,2025-06-09 10:56:05.555726+00,,,,,137,26,t
293,t,f,2025-06-09 11:17:16.865891+00,2025-06-09 11:17:16.865891+00,,,,,138,26,t
294,t,f,2025-06-09 11:27:24.411442+00,2025-06-09 11:27:24.411442+00,,,,,139,26,t
295,t,f,2025-06-09 11:37:43.562249+00,2025-06-09 11:37:43.562249+00,,,,,140,26,t
296,t,f,2025-06-09 11:52:58.199739+00,2025-06-09 11:52:58.199739+00,,,,,141,26,t
297,t,f,2025-06-09 11:55:31.157407+00,2025-06-09 11:55:31.157407+00,,,,,142,26,t
298,t,f,2025-06-09 11:57:41.683407+00,2025-06-09 11:57:41.683407+00,,,,,143,26,t
299,t,f,2025-06-09 10:05:54.168208+00,2025-06-09 10:05:54.168208+00,,,,,144,26,t
309,t,f,2025-06-12 08:29:36.203978+00,2025-06-12 08:29:36.203978+00,,,,,146,26,t
310,t,f,2025-06-12 08:32:33.248996+00,2025-06-12 08:32:33.248996+00,,,,,147,26,t
311,t,f,2025-06-12 08:34:29.018583+00,2025-06-12 08:34:29.018583+00,,,,,148,26,t
312,t,f,2025-06-12 08:36:21.825888+00,2025-06-12 08:36:21.825888+00,,,,,149,26,t
313,t,f,2025-06-12 08:38:34.349506+00,2025-06-12 08:38:34.349506+00,,,,,150,26,t
314,t,f,2025-06-12 08:40:22.106991+00,2025-06-12 08:40:22.106991+00,,,,,151,26,t
315,t,f,2025-06-12 08:42:21.768218+00,2025-06-12 08:42:21.768218+00,,,,,152,26,t
316,t,f,2025-06-12 08:45:13.081476+00,2025-06-12 08:45:13.081476+00,,,,,153,26,t
317,t,f,2025-06-12 08:47:28.97981+00,2025-06-12 08:47:28.97981+00,,,,,154,26,t
318,t,f,2025-06-12 08:56:50.127821+00,2025-06-12 08:56:50.127821+00,,,,,155,26,t
319,t,f,2025-06-12 08:58:52.834363+00,2025-06-12 08:58:52.834363+00,,,,,156,26,t
320,t,f,2025-06-12 09:03:22.022332+00,2025-06-12 09:03:22.022332+00,,,,,157,26,t
321,t,f,2025-06-12 09:07:40.852208+00,2025-06-12 09:07:40.852208+00,,,,,158,26,t
322,t,f,2025-06-12 09:10:16.377062+00,2025-06-12 09:10:16.377062+00,,,,,159,26,t
323,t,f,2025-06-12 09:12:23.096593+00,2025-06-12 09:12:23.096593+00,,,,,160,26,t
324,t,f,2025-06-12 09:14:08.403622+00,2025-06-12 09:14:08.403622+00,,,,,161,26,t
325,t,f,2025-06-17 10:54:33.564873+00,2025-06-17 10:54:33.564874+00,,,,,162,36,t
326,t,f,2025-06-17 10:56:56.102226+00,2025-06-17 10:56:56.102226+00,,,,,163,36,t
327,t,f,2025-06-17 10:59:26.938899+00,2025-06-17 10:59:26.938899+00,,,,,164,36,t
328,t,f,2025-06-17 11:01:40.068529+00,2025-06-17 11:01:40.068529+00,,,,,165,36,t
329,t,f,2025-06-17 11:03:56.799228+00,2025-06-17 11:03:56.799228+00,,,,,166,36,t
330,t,f,2025-06-17 11:05:49.824919+00,2025-06-17 11:05:49.824919+00,,,,,167,36,t
331,t,f,2025-06-17 11:07:45.811308+00,2025-06-17 11:07:45.811308+00,,,,,168,36,t
332,t,f,2025-06-17 11:09:36.536901+00,2025-06-17 11:09:36.536901+00,,,,,169,36,t
333,t,f,2025-06-17 11:11:57.214957+00,2025-06-17 11:11:57.214957+00,,,,,170,36,t
334,t,f,2025-06-17 11:13:56.483309+00,2025-06-17 11:13:56.483309+00,,,,,171,36,t
335,t,f,2025-06-17 11:16:01.184048+00,2025-06-17 11:16:01.184048+00,,,,,172,36,t
336,t,f,2025-06-17 11:18:07.169532+00,2025-06-17 11:18:07.169532+00,,,,,173,36,t
337,t,f,2025-06-17 11:25:54.597171+00,2025-06-17 11:25:54.597171+00,,,,,174,36,t
338,t,f,2025-06-17 11:28:02.857225+00,2025-06-17 11:28:02.857225+00,,,,,175,36,t
342,t,f,2025-06-23 12:07:02.335479+00,2025-06-23 12:07:02.33548+00,,,,22,,26,t
345,t,f,2025-06-25 09:06:51.071149+00,2025-06-25 09:06:51.071149+00,,,,24,,30,t
348,t,f,2025-06-26 11:26:13.50548+00,2025-06-26 11:26:13.50548+00,,,,,183,31,t
350,t,f,2025-07-10 11:14:00.310795+00,2025-07-10 11:14:00.310795+00,,,,,185,29,t
351,t,f,2025-07-16 07:44:27.031607+00,2025-07-16 07:44:27.031607+00,,,,,186,30,t
352,t,f,2025-07-17 09:10:50.768089+00,2025-07-17 09:10:50.768089+00,,,,,187,26,t
353,t,f,2025-07-17 09:13:58.755819+00,2025-07-17 09:13:58.755819+00,,,,,188,26,t
354,t,f,2025-07-17 09:15:44.263005+00,2025-07-17 09:15:44.263005+00,,,,,189,26,t
355,t,f,2025-07-17 09:17:46.103628+00,2025-07-17 09:17:46.103628+00,,,,,190,26,t
356,t,f,2025-07-17 09:19:27.503133+00,2025-07-17 09:19:27.503133+00,,,,,191,26,t
357,t,f,2025-07-17 09:21:25.094599+00,2025-07-17 09:21:25.094599+00,,,,,192,26,t
358,t,f,2025-07-17 09:23:13.645032+00,2025-07-17 09:23:13.645032+00,,,,,193,33,t
359,t,f,2025-07-17 09:26:01.625138+00,2025-07-17 09:26:01.625138+00,,,,,194,26,t
360,t,f,2025-07-17 09:28:08.889193+00,2025-07-17 09:28:08.889193+00,,,,,195,26,t
361,t,f,2025-07-17 09:30:02.073522+00,2025-07-17 09:30:02.073522+00,,,,,196,26,t
362,t,f,2025-07-17 09:32:15.57426+00,2025-07-17 09:32:15.57426+00,,,,,197,26,t
363,t,f,2025-07-17 09:33:51.867578+00,2025-07-17 09:33:51.867578+00,,,,,198,26,t
364,t,f,2025-07-17 09:36:04.960216+00,2025-07-17 09:36:04.960216+00,,,,,199,26,t
365,t,f,2025-07-23 16:11:15.939438+00,2025-07-23 16:11:15.939439+00,,,,,200,26,t
376,t,f,2025-10-14 09:27:58.870482+00,2025-10-14 09:27:58.870482+00,,,,26,,26,t
377,t,f,2025-10-14 11:15:50.570892+00,2025-10-14 11:15:50.570893+00,,,,,205,26,t
384,t,f,2025-10-17 12:22:33.401847+00,2025-10-17 12:22:33.401847+00,,122,,,,26,t
385,t,f,2025-10-17 12:22:33.401849+00,2025-10-17 12:22:33.401849+00,,122,,,,30,f
386,t,f,2025-10-17 12:22:33.401849+00,2025-10-17 12:22:33.401849+00,,122,,,,33,f
387,t,f,2025-10-17 12:25:20.015608+00,2025-10-17 12:25:20.015608+00,,,,,206,26,t
388,t,f,2025-10-17 12:27:53.411581+00,2025-10-17 12:27:53.411581+00,,,,,207,26,t
389,t,f,2025-10-17 12:30:37.612675+00,2025-10-17 12:30:37.612675+00,,,,,208,26,t
390,t,f,2025-10-17 14:24:53.278749+00,2025-10-17 14:24:53.278749+00,,,,,209,26,t
391,t,f,2025-10-17 14:52:41.017989+00,2025-10-17 14:52:41.017989+00,,123,,,,26,t
392,t,f,2025-10-17 14:52:41.017991+00,2025-10-17 14:52:41.017991+00,,123,,,,30,f
393,t,f,2025-10-17 15:31:05.048592+00,2025-10-17 15:31:05.048592+00,,,,,210,26,t
394,t,f,2025-10-17 15:34:28.972001+00,2025-10-17 15:34:28.972002+00,,,,,211,26,t
397,t,f,2025-10-27 15:31:27.089317+00,2025-10-27 15:31:27.089318+00,,,,28,,31,t
398,t,f,2025-10-27 16:27:34.789494+00,2025-10-27 16:27:34.789495+00,,,,,214,32,t
399,t,f,2025-10-27 16:34:41.794772+00,2025-10-27 16:34:41.794772+00,,,,29,,31,t
406,t,f,2025-10-28 13:07:36.434842+00,2025-10-28 13:07:36.434843+00,,,,30,,30,t
407,t,f,2025-10-28 13:25:12.06446+00,2025-10-28 13:25:12.064461+00,,,,,215,32,t
413,t,f,2025-10-30 10:37:20.527089+00,2025-10-30 10:37:20.527089+00,,,,,220,29,t
414,t,f,2025-10-30 14:14:31.92517+00,2025-10-30 14:14:31.925171+00,,,,,221,26,t
415,t,f,2025-10-30 17:56:17.827194+00,2025-10-30 17:56:17.827194+00,,,,31,,26,t
416,t,f,2025-10-30 18:02:25.401469+00,2025-10-30 18:02:25.401469+00,,,,,222,26,t
417,t,f,2025-10-30 18:04:21.808538+00,2025-10-30 18:04:21.808538+00,,,,,223,26,t
418,t,f,2025-10-30 18:05:50.305617+00,2025-10-30 18:05:50.305617+00,,,,,224,26,t
419,t,f,2025-10-30 18:07:31.515915+00,2025-10-30 18:07:31.515915+00,,,,,225,26,t
420,t,f,2025-10-30 18:09:38.489248+00,2025-10-30 18:09:38.489248+00,,,,,226,26,t
421,t,f,2025-10-30 18:11:18.915386+00,2025-10-30 18:11:18.915386+00,,,,,227,26,t
422,t,f,2025-10-30 18:13:29.52446+00,2025-10-30 18:13:29.52446+00,,,,,228,26,t
423,t,f,2025-10-30 18:24:11.258617+00,2025-10-30 18:24:11.258617+00,,,,,229,30,t
424,t,f,2025-10-30 20:02:18.481764+00,2025-10-30 20:02:18.481764+00,,,,,230,26,t
425,t,f,2025-10-30 20:04:56.286447+00,2025-10-30 20:04:56.286447+00,,,,,231,26,t
426,t,f,2025-10-30 20:07:31.955138+00,2025-10-30 20:07:31.955138+00,,,,,232,26,t
427,t,f,2025-10-30 20:15:05.417299+00,2025-10-30 20:15:05.417299+00,,,,,233,26,t
428,t,f,2025-10-30 20:17:41.770648+00,2025-10-30 20:17:41.770648+00,,,,,234,26,t
429,t,f,2025-10-30 20:20:10.126827+00,2025-10-30 20:20:10.126828+00,,,,,235,26,t
430,t,f,2025-10-30 20:38:43.353755+00,2025-10-30 20:38:43.353755+00,,128,,,,26,t
431,t,f,2025-10-30 20:38:43.353762+00,2025-10-30 20:38:43.353762+00,,128,,,,29,f
432,t,f,2025-10-30 20:43:09.971035+00,2025-10-30 20:43:09.971035+00,,,,,236,26,t
433,t,f,2025-10-30 20:44:59.146843+00,2025-10-30 20:44:59.146843+00,,,,,237,26,t
434,t,f,2025-10-30 20:46:13.774963+00,2025-10-30 20:46:13.774963+00,,,,,238,26,t
435,t,f,2025-10-30 20:47:53.095128+00,2025-10-30 20:47:53.095128+00,,,,,239,26,t
436,t,f,2025-11-07 08:07:36.136441+00,2025-11-07 08:07:36.136441+00,,129,,,,29,t
437,t,f,2025-11-07 08:07:36.13651+00,2025-11-07 08:07:36.13651+00,,129,,,,32,f
438,t,f,2025-10-30 21:11:08.454584+00,2025-10-30 21:11:08.454584+00,,,,,240,29,t
439,t,f,2025-10-30 21:12:32.926955+00,2025-10-30 21:12:32.926955+00,,,,,241,29,t
440,t,f,2025-10-31 09:23:20.620814+00,2025-10-31 09:23:20.620814+00,,,,,242,30,t
441,t,f,2025-10-31 09:27:08.237917+00,2025-10-31 09:27:08.237917+00,,,,,243,30,t
442,t,f,2025-10-31 09:30:15.378069+00,2025-10-31 09:30:15.378069+00,,,,,244,30,t
443,t,f,2025-10-31 09:33:31.395822+00,2025-10-31 09:33:31.395822+00,,,,,245,26,t
444,t,f,2025-10-31 10:39:22.901069+00,2025-10-31 10:39:22.901069+00,,,,,246,26,t
446,t,f,2025-10-31 12:34:58.174706+00,2025-10-31 12:34:58.174706+00,,,,,248,26,t
447,t,f,2025-10-31 12:47:18.931934+00,2025-10-31 12:47:18.931934+00,,,,,249,26,t
448,t,f,2025-11-03 11:41:12.661822+00,2025-11-03 11:41:12.661822+00,,130,,,,26,t
449,t,f,2025-11-03 11:41:12.661891+00,2025-11-03 11:41:12.661891+00,,130,,,,36,f
450,t,f,2026-02-06 16:43:12.759951+00,2026-02-06 16:43:12.759951+00,,131,,,,26,t
451,t,t,2026-01-31 12:42:09.46112+00,2026-01-31 12:42:09.46112+00,,131,,,,33,f
452,t,f,2025-11-03 12:08:00.19352+00,2025-11-03 12:08:00.19352+00,,,,,250,26,t
453,t,f,2025-11-03 12:09:21.648896+00,2025-11-03 12:09:21.648896+00,,,,,251,26,t
454,t,f,2025-11-03 12:14:15.382524+00,2025-11-03 12:14:15.382524+00,,,,,252,26,t
455,t,f,2025-11-03 12:16:16.270172+00,2025-11-03 12:16:16.270172+00,,,,,253,26,t
456,t,f,2025-11-03 12:17:40.620585+00,2025-11-03 12:17:40.620585+00,,,,,254,26,t
457,t,f,2025-11-03 12:19:18.482657+00,2025-11-03 12:19:18.482657+00,,,,,255,26,t
461,t,f,2025-11-03 13:45:57.018996+00,2025-11-03 13:45:57.018997+00,,133,,,,30,t
462,t,f,2025-11-03 13:45:57.018998+00,2025-11-03 13:45:57.018998+00,,133,,,,36,f
463,t,f,2025-11-03 14:11:16.710367+00,2025-11-03 14:11:16.710368+00,,134,,,,30,t
464,t,f,2025-11-03 14:11:16.710369+00,2025-11-03 14:11:16.710369+00,,134,,,,36,f
465,t,f,2025-11-03 14:15:01.944491+00,2025-11-03 14:15:01.944491+00,,,,,257,26,t
466,t,f,2025-11-03 14:17:39.956325+00,2025-11-03 14:17:39.956325+00,,,,,258,26,t
467,t,f,2025-11-03 14:19:36.606285+00,2025-11-03 14:19:36.606285+00,,,,,259,26,t
468,t,f,2025-11-03 14:23:54.857229+00,2025-11-03 14:23:54.857229+00,,,,,260,26,t
469,t,f,2025-11-03 14:25:36.67931+00,2025-11-03 14:25:36.67931+00,,,,,261,26,t
470,t,f,2025-11-03 14:25:52.30603+00,2025-11-03 14:25:52.30603+00,,,,,262,32,t
471,t,f,2025-11-03 14:27:26.158065+00,2025-11-03 14:27:26.158065+00,,,,,263,26,t
472,t,f,2025-11-03 14:30:39.651245+00,2025-11-03 14:30:39.651245+00,,,,,264,26,t
473,t,f,2025-11-03 14:32:30.149017+00,2025-11-03 14:32:30.149017+00,,,,,265,26,t
474,t,f,2025-11-03 14:34:20.023106+00,2025-11-03 14:34:20.023106+00,,,,,266,26,t
475,t,f,2025-11-03 14:35:31.277684+00,2025-11-03 14:35:31.277684+00,,,,,267,26,t
476,t,f,2025-11-03 14:40:52.092359+00,2025-11-03 14:40:52.09236+00,,,,,268,26,t
477,t,f,2025-11-03 14:42:09.621536+00,2025-11-03 14:42:09.621536+00,,,,,269,26,t
478,t,f,2025-11-03 14:43:45.194113+00,2025-11-03 14:43:45.194113+00,,,,,270,26,t
479,t,f,2025-11-03 14:45:29.556888+00,2025-11-03 14:45:29.556889+00,,,,,271,26,t
480,t,f,2025-11-03 14:46:48.710628+00,2025-11-03 14:46:48.710628+00,,,,,272,26,t
481,t,f,2025-11-03 14:48:18.756716+00,2025-11-03 14:48:18.756716+00,,,,,273,26,t
482,t,f,2025-11-03 14:49:38.880759+00,2025-11-03 14:49:38.880759+00,,,,,274,26,t
483,t,f,2025-11-03 14:50:56.787356+00,2025-11-03 14:50:56.787357+00,,,,,275,26,t
484,t,f,2025-11-03 14:52:05.08409+00,2025-11-03 14:52:05.08409+00,,,,,276,26,t
485,t,f,2025-11-03 14:53:21.817111+00,2025-11-03 14:53:21.817111+00,,,,,277,26,t
486,t,f,2025-11-03 14:54:45.972433+00,2025-11-03 14:54:45.972433+00,,,,,278,26,t
487,t,f,2025-11-03 14:56:10.549435+00,2025-11-03 14:56:10.549435+00,,,,,279,26,t
488,t,f,2025-11-03 14:57:35.261902+00,2025-11-03 14:57:35.261902+00,,,,,280,26,t
489,t,f,2025-11-03 14:58:49.398268+00,2025-11-03 14:58:49.398268+00,,,,,281,26,t
490,t,f,2025-11-03 15:00:11.121469+00,2025-11-03 15:00:11.121469+00,,,,,282,26,t
491,t,f,2025-11-03 15:01:17.663729+00,2025-11-03 15:01:17.663729+00,,,,,283,26,t
492,t,f,2025-11-03 15:02:33.793919+00,2025-11-03 15:02:33.793919+00,,,,,284,26,t
493,t,f,2025-11-03 15:03:51.081736+00,2025-11-03 15:03:51.081737+00,,,,,285,26,t
494,t,f,2025-11-03 15:05:14.296811+00,2025-11-03 15:05:14.296812+00,,,,,286,26,t
495,t,f,2025-11-03 15:06:23.943831+00,2025-11-03 15:06:23.943831+00,,,,,287,26,t
496,t,f,2025-11-03 15:07:30.951599+00,2025-11-03 15:07:30.951599+00,,,,,288,26,t
497,t,f,2025-11-03 15:09:10.054395+00,2025-11-03 15:09:10.054395+00,,,,,289,26,t
498,t,f,2025-11-03 15:14:25.843928+00,2025-11-03 15:14:25.843928+00,,,,,290,26,t
499,t,f,2025-11-03 15:15:54.020644+00,2025-11-03 15:15:54.020644+00,,,,,291,26,t
500,t,f,2025-11-03 15:17:17.038093+00,2025-11-03 15:17:17.038093+00,,,,,292,26,t
501,t,f,2025-11-03 15:18:42.293087+00,2025-11-03 15:18:42.293087+00,,,,,293,26,t
502,t,f,2025-11-03 15:19:49.994083+00,2025-11-03 15:19:49.994083+00,,,,,294,26,t
503,t,f,2025-11-03 15:21:33.938939+00,2025-11-03 15:21:33.938939+00,,,,,295,26,t
504,t,f,2025-11-03 15:22:44.672714+00,2025-11-03 15:22:44.672714+00,,,,,296,26,t
505,t,f,2025-11-03 15:24:06.147112+00,2025-11-03 15:24:06.147112+00,,,,,297,26,t
506,t,f,2025-11-03 15:25:11.989517+00,2025-11-03 15:25:11.989517+00,,,,,298,26,t
507,t,f,2025-11-03 15:27:05.622038+00,2025-11-03 15:27:05.622039+00,,,,,299,26,t
509,t,f,2025-11-03 15:27:58.431468+00,2025-11-03 15:27:58.431468+00,,,,,301,26,t
510,t,f,2025-11-03 15:29:03.61721+00,2025-11-03 15:29:03.61721+00,,,,,302,26,t
511,t,f,2025-11-03 15:30:02.200813+00,2025-11-03 15:30:02.200814+00,,,,,303,26,t
512,t,f,2025-11-03 15:31:23.149036+00,2025-11-03 15:31:23.149036+00,,,,,304,26,t
513,t,f,2025-11-03 15:32:26.015885+00,2025-11-03 15:32:26.015886+00,,,,,305,26,t
514,t,f,2025-11-03 15:33:32.839617+00,2025-11-03 15:33:32.839617+00,,,,,306,26,t
515,t,f,2025-11-03 15:35:29.579943+00,2025-11-03 15:35:29.579944+00,,,,,307,26,t
516,t,f,2025-11-03 15:36:54.686044+00,2025-11-03 15:36:54.686044+00,,,,,308,26,t
517,t,f,2025-11-03 15:38:08.115471+00,2025-11-03 15:38:08.115471+00,,,,,309,26,t
518,t,f,2025-11-03 15:39:26.35424+00,2025-11-03 15:39:26.35424+00,,,,,310,26,t
519,t,f,2025-11-03 15:40:31.572701+00,2025-11-03 15:40:31.572701+00,,,,,311,26,t
520,t,f,2025-11-03 15:41:49.154618+00,2025-11-03 15:41:49.154618+00,,,,,312,26,t
521,t,f,2025-11-03 15:43:35.097912+00,2025-11-03 15:43:35.097912+00,,,,,313,26,t
522,t,f,2025-11-03 15:45:22.597995+00,2025-11-03 15:45:22.597995+00,,,,,314,26,t
523,t,f,2025-11-03 15:46:27.655064+00,2025-11-03 15:46:27.655064+00,,,,,315,26,t
524,t,f,2025-11-03 15:47:34.899922+00,2025-11-03 15:47:34.899922+00,,,,,316,26,t
525,t,f,2025-11-03 15:48:40.981906+00,2025-11-03 15:48:40.981906+00,,,,,317,26,t
526,t,f,2025-11-03 15:50:26.03842+00,2025-11-03 15:50:26.03842+00,,,,,318,26,t
527,t,f,2025-11-03 15:51:27.54018+00,2025-11-03 15:51:27.54018+00,,,,,319,26,t
528,t,f,2025-11-03 15:52:49.247947+00,2025-11-03 15:52:49.247948+00,,,,,320,26,t
529,t,f,2025-11-03 15:54:06.59485+00,2025-11-03 15:54:06.59485+00,,,,,321,26,t
530,t,f,2025-11-03 15:55:19.315656+00,2025-11-03 15:55:19.315656+00,,,,,322,26,t
531,t,f,2025-11-03 15:56:34.299148+00,2025-11-03 15:56:34.29915+00,,,,,323,26,t
532,t,f,2025-11-03 15:57:47.410587+00,2025-11-03 15:57:47.410587+00,,,,,324,26,t
533,t,f,2025-11-03 15:58:46.309802+00,2025-11-03 15:58:46.309802+00,,,,,325,26,t
534,t,f,2025-11-03 15:59:46.1625+00,2025-11-03 15:59:46.1625+00,,,,,326,26,t
535,t,f,2025-11-03 16:00:50.061059+00,2025-11-03 16:00:50.061059+00,,,,,327,26,t
536,t,f,2025-11-03 16:01:54.164973+00,2025-11-03 16:01:54.164974+00,,,,,328,26,t
537,t,f,2025-11-03 16:02:51.394306+00,2025-11-03 16:02:51.394306+00,,,,,329,26,t
538,t,f,2025-11-03 16:04:06.255529+00,2025-11-03 16:04:06.255529+00,,,,,330,26,t
539,t,f,2025-11-03 16:05:09.533553+00,2025-11-03 16:05:09.533553+00,,,,,331,26,t
540,t,f,2025-11-03 16:06:18.302671+00,2025-11-03 16:06:18.302671+00,,,,,332,26,t
541,t,f,2025-11-03 16:18:26.116741+00,2025-11-03 16:18:26.116741+00,,,,,333,26,t
542,t,f,2025-11-03 16:19:39.015005+00,2025-11-03 16:19:39.015006+00,,,,,334,26,t
543,t,f,2025-11-03 16:46:17.596152+00,2025-11-03 16:46:17.596153+00,,136,,,,26,t
544,t,f,2025-11-03 16:46:17.596154+00,2025-11-03 16:46:17.596154+00,,136,,,,30,f
545,t,f,2025-11-03 16:48:59.457881+00,2025-11-03 16:48:59.457881+00,,,,,335,26,t
546,t,f,2025-11-03 16:51:33.861454+00,2025-11-03 16:51:33.861454+00,,,,,336,26,t
547,t,f,2025-11-03 16:53:00.241254+00,2025-11-03 16:53:00.241254+00,,,,,337,26,t
548,t,f,2025-11-03 16:54:09.4243+00,2025-11-03 16:54:09.4243+00,,,,,338,26,t
549,t,f,2025-11-03 16:55:34.723585+00,2025-11-03 16:55:34.723585+00,,,,,339,26,t
550,t,f,2025-11-03 16:56:47.703424+00,2025-11-03 16:56:47.703424+00,,,,,340,26,t
551,t,f,2025-11-03 16:58:04.034877+00,2025-11-03 16:58:04.034877+00,,,,,341,26,t
552,t,f,2025-11-03 17:05:18.949545+00,2025-11-03 17:05:18.949545+00,,,,,342,26,t
553,t,f,2025-11-03 17:06:41.826743+00,2025-11-03 17:06:41.826744+00,,,,,343,26,t
554,t,f,2025-11-03 17:31:12.608989+00,2025-11-03 17:31:12.608989+00,,137,,,,26,t
555,t,f,2025-11-03 17:31:12.608991+00,2025-11-03 17:31:12.608991+00,,137,,,,36,f
556,t,f,2025-11-03 17:32:35.264774+00,2025-11-03 17:32:35.264774+00,,,,,344,26,t
557,t,f,2025-11-03 17:33:41.174131+00,2025-11-03 17:33:41.174131+00,,,,,345,26,t
558,t,f,2025-11-03 17:35:05.753432+00,2025-11-03 17:35:05.753432+00,,,,,346,26,t
559,t,f,2025-11-03 17:36:15.255655+00,2025-11-03 17:36:15.255655+00,,,,,347,26,t
560,t,f,2025-11-03 17:37:12.122322+00,2025-11-03 17:37:12.122322+00,,,,,348,26,t
561,t,f,2025-11-03 18:14:09.89142+00,2025-11-03 18:14:09.89142+00,,138,,,,26,t
562,t,f,2025-11-03 18:14:09.891483+00,2025-11-03 18:14:09.891484+00,,138,,,,33,f
563,t,f,2025-11-03 18:18:19.6436+00,2025-11-03 18:18:19.6436+00,,,,,349,26,t
564,t,f,2025-11-03 18:19:24.207316+00,2025-11-03 18:19:24.207316+00,,,,,350,26,t
565,t,f,2025-11-03 18:20:27.91984+00,2025-11-03 18:20:27.91984+00,,,,,351,26,t
566,t,f,2025-11-03 18:23:25.837859+00,2025-11-03 18:23:25.837859+00,,,,,352,26,t
567,t,f,2025-11-03 18:24:23.549407+00,2025-11-03 18:24:23.549407+00,,,,,353,26,t
568,t,f,2025-11-03 18:25:23.461339+00,2025-11-03 18:25:23.461339+00,,,,,354,26,t
569,t,f,2025-11-03 18:27:10.600057+00,2025-11-03 18:27:10.600057+00,,,,,355,26,t
570,t,f,2025-11-03 18:28:32.887835+00,2025-11-03 18:28:32.887835+00,,,,,356,26,t
571,t,f,2025-11-03 18:30:23.823846+00,2025-11-03 18:30:23.823846+00,,,,,357,26,t
572,t,f,2025-11-03 18:31:40.357729+00,2025-11-03 18:31:40.35773+00,,,,,358,26,t
573,t,f,2025-11-03 18:33:03.271748+00,2025-11-03 18:33:03.271749+00,,,,,359,26,t
574,t,f,2025-11-03 18:34:04.804475+00,2025-11-03 18:34:04.804475+00,,,,,360,26,t
575,t,f,2025-11-03 18:35:27.480161+00,2025-11-03 18:35:27.480161+00,,,,,361,26,t
576,t,f,2025-11-03 18:36:44.804278+00,2025-11-03 18:36:44.804278+00,,,,,362,26,t
577,t,f,2025-11-03 18:38:02.983509+00,2025-11-03 18:38:02.983509+00,,,,,363,26,t
578,t,f,2025-11-03 19:26:46.617573+00,2025-11-03 19:26:46.617573+00,,,,,364,26,t
579,t,f,2025-11-03 19:27:50.761633+00,2025-11-03 19:27:50.761633+00,,,,,365,26,t
580,t,f,2025-11-03 19:55:57.933767+00,2025-11-03 19:55:57.933768+00,,139,,,,26,t
581,t,f,2025-11-03 19:55:57.933769+00,2025-11-03 19:55:57.933769+00,,139,,,,33,f
582,t,f,2025-11-03 20:01:08.27135+00,2025-11-03 20:01:08.271351+00,,,,,366,26,t
583,t,f,2025-11-03 20:02:29.786733+00,2025-11-03 20:02:29.786733+00,,,,,367,26,t
584,t,f,2025-11-03 20:05:52.208785+00,2025-11-03 20:05:52.208785+00,,,,,368,26,t
585,t,f,2025-11-03 20:07:37.871999+00,2025-11-03 20:07:37.871999+00,,,,,369,26,t
586,t,f,2025-11-03 20:09:44.010002+00,2025-11-03 20:09:44.010002+00,,,,,370,26,t
587,t,f,2025-11-03 20:11:18.940109+00,2025-11-03 20:11:18.940109+00,,,,,371,26,t
588,t,f,2025-11-03 20:13:21.894188+00,2025-11-03 20:13:21.894188+00,,,,,372,26,t
589,t,f,2025-11-03 20:14:44.375875+00,2025-11-03 20:14:44.375875+00,,,,,373,26,t
590,t,f,2025-11-04 08:07:38.775839+00,2025-11-04 08:07:38.77584+00,,,,,374,26,t
591,t,f,2025-11-04 08:43:29.177214+00,2025-11-04 08:43:29.177214+00,,,,,375,26,t
592,t,f,2025-11-04 08:45:55.675373+00,2025-11-04 08:45:55.675373+00,,,,,376,26,t
593,t,f,2025-11-04 08:47:38.260151+00,2025-11-04 08:47:38.260151+00,,,,,377,26,t
594,t,f,2025-11-04 08:49:37.111137+00,2025-11-04 08:49:37.111137+00,,,,,378,26,t
595,t,f,2025-11-04 08:51:57.338812+00,2025-11-04 08:51:57.338812+00,,,,,379,26,t
596,t,f,2025-11-04 08:54:08.58431+00,2025-11-04 08:54:08.58431+00,,,,,380,26,t
597,t,f,2025-11-04 08:55:50.481017+00,2025-11-04 08:55:50.481017+00,,,,,381,26,t
598,t,f,2025-11-04 08:58:15.308014+00,2025-11-04 08:58:15.308014+00,,,,,382,26,t
599,t,f,2025-11-04 09:01:45.824512+00,2025-11-04 09:01:45.824512+00,,,,,383,26,t
600,t,f,2025-11-04 09:04:12.655306+00,2025-11-04 09:04:12.655306+00,,,,,384,26,t
603,t,f,2025-11-05 08:16:01.061892+00,2025-11-05 08:16:01.061892+00,,141,,,,26,t
604,t,f,2025-11-05 08:16:01.062052+00,2025-11-05 08:16:01.062052+00,,141,,,,29,f
605,t,f,2025-11-05 08:52:14.209155+00,2025-11-05 08:52:14.209155+00,,,,,386,26,t
606,t,f,2025-11-05 08:54:03.086964+00,2025-11-05 08:54:03.086964+00,,,,,387,26,t
607,t,f,2025-11-05 09:06:03.33644+00,2025-11-05 09:06:03.33644+00,,,,,388,26,t
608,t,f,2025-11-05 09:08:57.244978+00,2025-11-05 09:08:57.244978+00,,,,,389,26,t
609,t,f,2025-11-05 09:13:14.103116+00,2025-11-05 09:13:14.103117+00,,,,,390,26,t
610,t,f,2025-11-05 09:16:20.87535+00,2025-11-05 09:16:20.87535+00,,,,,391,26,t
611,t,f,2025-11-05 09:30:29.8211+00,2025-11-05 09:30:29.8211+00,,,,,392,26,t
612,t,f,2025-11-05 10:15:26.174691+00,2025-11-05 10:15:26.174691+00,,,,,393,26,t
613,t,f,2025-11-05 10:21:12.425523+00,2025-11-05 10:21:12.425523+00,,,,,394,26,t
614,t,f,2025-11-05 10:24:09.339824+00,2025-11-05 10:24:09.339824+00,,,,,395,26,t
615,t,f,2025-11-05 10:25:47.330017+00,2025-11-05 10:25:47.330017+00,,,,,396,26,t
616,t,f,2025-11-05 10:28:53.709339+00,2025-11-05 10:28:53.709339+00,,,,,397,26,t
617,t,f,2025-11-05 10:31:07.349475+00,2025-11-05 10:31:07.349475+00,,,,,398,26,t
618,t,f,2025-11-05 10:33:28.552136+00,2025-11-05 10:33:28.552136+00,,,,,399,26,t
619,t,f,2025-11-05 10:35:35.34739+00,2025-11-05 10:35:35.34739+00,,,,,400,26,t
620,t,f,2025-11-05 10:38:32.501935+00,2025-11-05 10:38:32.501935+00,,,,,401,26,t
621,t,f,2025-11-05 10:40:48.392524+00,2025-11-05 10:40:48.392524+00,,,,,402,26,t
622,t,f,2025-11-05 10:43:17.024358+00,2025-11-05 10:43:17.024358+00,,,,,403,26,t
623,t,f,2025-11-05 10:45:42.277996+00,2025-11-05 10:45:42.277996+00,,,,,404,26,t
624,t,f,2025-11-05 10:47:16.006457+00,2025-11-05 10:47:16.006457+00,,,,,405,26,t
625,t,f,2025-11-05 10:48:50.690491+00,2025-11-05 10:48:50.690491+00,,,,,406,26,t
626,t,f,2025-11-05 10:50:31.378023+00,2025-11-05 10:50:31.378023+00,,,,,407,26,t
627,t,f,2025-11-05 10:53:14.203489+00,2025-11-05 10:53:14.203489+00,,,,,408,26,t
628,t,f,2025-11-05 10:56:05.52877+00,2025-11-05 10:56:05.52877+00,,,,,409,26,t
629,t,f,2025-11-05 10:58:59.176045+00,2025-11-05 10:58:59.176046+00,,,,,410,26,t
630,t,f,2025-11-05 11:01:37.36297+00,2025-11-05 11:01:37.36297+00,,,,,411,26,t
631,t,f,2025-11-05 11:03:45.018826+00,2025-11-05 11:03:45.018826+00,,,,,412,26,t
632,t,f,2025-11-05 11:05:18.179533+00,2025-11-05 11:05:18.179533+00,,,,,413,26,t
633,t,f,2025-11-05 11:07:29.499968+00,2025-11-05 11:07:29.499969+00,,,,,414,26,t
634,t,f,2025-11-05 11:09:29.11733+00,2025-11-05 11:09:29.11733+00,,,,,415,26,t
635,t,f,2025-11-05 11:11:17.158645+00,2025-11-05 11:11:17.158645+00,,,,,416,26,t
636,t,f,2025-11-05 11:12:55.277414+00,2025-11-05 11:12:55.277414+00,,,,,417,26,t
637,t,f,2025-11-05 11:14:28.980978+00,2025-11-05 11:14:28.980978+00,,,,,418,26,t
638,t,f,2025-11-05 11:16:17.416995+00,2025-11-05 11:16:17.416995+00,,,,,419,26,t
639,t,f,2025-11-05 11:18:31.052317+00,2025-11-05 11:18:31.052317+00,,,,,420,26,t
640,t,f,2025-11-05 11:21:41.522325+00,2025-11-05 11:21:41.522325+00,,,,,421,26,t
641,t,f,2025-11-05 11:24:13.020141+00,2025-11-05 11:24:13.020141+00,,,,,422,26,t
642,t,f,2025-11-05 11:26:15.455582+00,2025-11-05 11:26:15.455582+00,,,,,423,26,t
643,t,f,2025-11-05 11:27:55.105123+00,2025-11-05 11:27:55.105123+00,,,,,424,26,t
644,t,f,2025-11-05 11:29:41.272948+00,2025-11-05 11:29:41.272948+00,,,,,425,26,t
645,t,f,2025-11-05 11:31:17.554426+00,2025-11-05 11:31:17.554426+00,,,,,426,26,t
646,t,f,2025-11-05 11:36:46.75814+00,2025-11-05 11:36:46.75814+00,,,,,427,26,t
647,t,f,2025-11-05 11:39:27.89097+00,2025-11-05 11:39:27.89097+00,,,,,428,26,t
648,t,f,2025-11-05 11:42:49.808456+00,2025-11-05 11:42:49.808456+00,,,,,429,26,t
649,t,f,2025-11-05 11:44:32.266721+00,2025-11-05 11:44:32.266721+00,,,,,430,26,t
650,t,f,2025-11-05 11:47:24.346014+00,2025-11-05 11:47:24.346014+00,,,,,431,26,t
651,t,f,2025-11-05 11:48:57.63964+00,2025-11-05 11:48:57.63964+00,,,,,432,26,t
652,t,f,2025-11-05 11:50:54.480488+00,2025-11-05 11:50:54.480488+00,,,,,433,26,t
653,t,f,2025-11-05 11:52:30.33165+00,2025-11-05 11:52:30.33165+00,,,,,434,26,t
654,t,f,2025-11-05 11:54:03.719109+00,2025-11-05 11:54:03.719109+00,,,,,435,26,t
655,t,f,2025-11-05 11:55:39.991136+00,2025-11-05 11:55:39.991136+00,,,,,436,26,t
656,t,f,2025-11-05 11:57:29.761959+00,2025-11-05 11:57:29.761959+00,,,,,437,26,t
657,t,f,2025-11-05 11:59:18.672376+00,2025-11-05 11:59:18.672376+00,,,,,438,26,t
658,t,f,2025-11-05 12:01:07.181001+00,2025-11-05 12:01:07.181001+00,,,,,439,26,t
659,t,f,2025-11-05 12:06:27.752527+00,2025-11-05 12:06:27.752528+00,,,,,440,26,t
660,t,f,2025-11-05 12:08:43.677791+00,2025-11-05 12:08:43.677792+00,,,,,441,26,t
661,t,f,2025-11-05 12:10:53.513128+00,2025-11-05 12:10:53.513129+00,,,,,442,26,t
662,t,f,2025-11-05 12:12:44.543192+00,2025-11-05 12:12:44.543192+00,,,,,443,26,t
663,t,f,2025-11-05 12:14:41.302809+00,2025-11-05 12:14:41.302809+00,,,,,444,26,t
664,t,f,2025-11-05 12:16:31.609318+00,2025-11-05 12:16:31.609318+00,,,,,445,26,t
665,t,f,2025-11-05 12:18:14.153571+00,2025-11-05 12:18:14.153571+00,,,,,446,26,t
666,t,f,2025-11-05 12:19:51.854341+00,2025-11-05 12:19:51.854341+00,,,,,447,26,t
667,t,f,2025-11-05 12:21:30.07229+00,2025-11-05 12:21:30.07229+00,,,,,448,26,t
668,t,f,2025-11-05 12:23:04.17927+00,2025-11-05 12:23:04.17927+00,,,,,449,26,t
669,t,f,2025-11-05 12:24:46.183497+00,2025-11-05 12:24:46.183497+00,,,,,450,26,t
670,t,f,2025-11-05 12:27:03.567989+00,2025-11-05 12:27:03.567989+00,,,,,451,26,t
671,t,f,2025-11-05 12:28:31.548116+00,2025-11-05 12:28:31.548116+00,,,,,452,26,t
672,t,f,2025-11-05 12:35:45.049493+00,2025-11-05 12:35:45.049494+00,,,,,453,26,t
673,t,f,2025-11-05 12:38:40.489652+00,2025-11-05 12:38:40.489652+00,,,,,454,26,t
674,t,f,2025-11-05 12:41:00.338748+00,2025-11-05 12:41:00.338748+00,,,,,455,26,t
675,t,f,2025-11-05 12:42:51.27587+00,2025-11-05 12:42:51.27587+00,,,,,456,26,t
676,t,f,2025-11-05 12:45:20.29178+00,2025-11-05 12:45:20.29178+00,,,,,457,26,t
677,t,f,2025-11-05 12:47:01.986864+00,2025-11-05 12:47:01.986864+00,,,,,458,26,t
678,t,f,2025-11-05 12:49:06.618874+00,2025-11-05 12:49:06.618874+00,,,,,459,26,t
679,t,f,2025-11-05 12:50:49.506672+00,2025-11-05 12:50:49.506672+00,,,,,460,26,t
680,t,f,2025-11-05 12:52:39.880515+00,2025-11-05 12:52:39.880515+00,,,,,461,26,t
681,t,f,2025-11-05 12:54:27.876606+00,2025-11-05 12:54:27.876606+00,,,,,462,26,t
682,t,f,2025-11-05 12:56:44.557149+00,2025-11-05 12:56:44.557149+00,,,,,463,26,t
683,t,f,2025-11-05 12:59:25.484345+00,2025-11-05 12:59:25.484345+00,,,,,464,26,t
684,t,f,2025-11-05 13:01:14.423833+00,2025-11-05 13:01:14.423833+00,,,,,465,26,t
685,t,f,2025-11-05 13:04:28.580532+00,2025-11-05 13:04:28.580532+00,,,,,466,26,t
686,t,f,2025-11-05 13:05:58.428105+00,2025-11-05 13:05:58.428105+00,,,,,467,26,t
687,t,f,2025-11-05 13:08:03.343122+00,2025-11-05 13:08:03.343122+00,,,,,468,26,t
688,t,f,2025-11-05 13:10:02.062414+00,2025-11-05 13:10:02.062415+00,,,,,469,26,t
689,t,f,2025-11-05 13:11:37.098036+00,2025-11-05 13:11:37.098036+00,,,,,470,26,t
690,t,f,2025-11-05 13:13:17.996502+00,2025-11-05 13:13:17.996502+00,,,,,471,26,t
695,t,f,2025-11-07 08:09:23.253286+00,2025-11-07 08:09:23.253286+00,,,,,472,26,t
696,t,f,2025-11-07 08:11:07.446392+00,2025-11-07 08:11:07.446392+00,,,,,473,26,t
697,t,f,2025-11-07 08:12:57.128906+00,2025-11-07 08:12:57.128906+00,,,,,474,26,t
698,t,f,2025-11-07 08:14:44.949373+00,2025-11-07 08:14:44.949373+00,,,,,475,26,t
699,t,f,2025-11-07 08:16:13.945472+00,2025-11-07 08:16:13.945472+00,,,,,476,26,t
700,t,f,2025-11-07 08:18:06.538355+00,2025-11-07 08:18:06.538355+00,,,,,477,26,t
701,t,f,2025-11-07 08:19:32.328657+00,2025-11-07 08:19:32.328658+00,,,,,478,26,t
702,t,f,2025-11-07 08:21:57.255438+00,2025-11-07 08:21:57.255438+00,,,,,479,26,t
703,t,f,2025-11-07 08:23:25.699762+00,2025-11-07 08:23:25.699763+00,,,,,480,26,t
704,t,f,2025-11-07 08:24:42.919038+00,2025-11-07 08:24:42.919038+00,,,,,481,26,t
705,t,f,2025-11-07 08:27:03.651857+00,2025-11-07 08:27:03.651857+00,,,,,482,26,t
706,t,f,2025-11-07 08:28:36.541544+00,2025-11-07 08:28:36.541544+00,,,,,483,26,t
707,t,f,2025-11-07 08:30:55.309737+00,2025-11-07 08:30:55.309737+00,,,,,484,26,t
708,t,f,2025-11-07 08:33:34.695222+00,2025-11-07 08:33:34.695222+00,,,,,485,26,t
709,t,f,2025-11-07 08:35:01.686907+00,2025-11-07 08:35:01.686907+00,,,,,486,26,t
710,t,f,2025-11-07 08:36:42.427826+00,2025-11-07 08:36:42.427826+00,,,,,487,26,t
711,t,f,2026-02-03 10:13:16.469122+00,2026-02-03 10:13:16.469122+00,,142,,,,26,t
712,t,f,2026-02-03 10:13:16.469123+00,2026-02-03 10:13:16.469123+00,,142,,,,33,f
713,t,f,2025-11-07 10:56:42.597538+00,2025-11-07 10:56:42.597538+00,,,,,488,26,t
715,t,f,2025-11-07 10:59:44.56297+00,2025-11-07 10:59:44.56297+00,,,,,490,26,t
716,t,f,2025-11-07 11:01:36.244146+00,2025-11-07 11:01:36.244146+00,,,,,491,26,t
717,t,f,2025-11-07 13:04:59.55637+00,2025-11-07 13:04:59.55637+00,,,,,492,32,t
718,t,f,2025-11-07 11:10:26.100731+00,2025-11-07 11:10:26.100731+00,,,,,493,26,t
719,t,f,2025-11-07 11:12:28.390538+00,2025-11-07 11:12:28.390538+00,,,,,494,26,t
720,t,f,2025-11-07 11:14:24.4777+00,2025-11-07 11:14:24.4777+00,,,,,495,26,t
721,t,f,2025-11-07 11:17:00.854411+00,2025-11-07 11:17:00.854412+00,,,,,496,26,t
722,t,f,2025-11-07 11:19:49.817185+00,2025-11-07 11:19:49.817185+00,,,,,497,26,t
723,t,f,2025-11-07 11:22:13.396305+00,2025-11-07 11:22:13.396305+00,,,,,498,26,t
724,t,f,2025-11-07 11:27:28.552205+00,2025-11-07 11:27:28.552205+00,,,,,499,26,t
725,t,f,2025-11-07 11:33:10.52556+00,2025-11-07 11:33:10.525561+00,,,,,500,26,t
726,t,f,2025-11-07 11:37:15.276275+00,2025-11-07 11:37:15.276275+00,,,,,501,26,t
727,t,f,2025-11-07 11:44:37.091977+00,2025-11-07 11:44:37.091977+00,,,,,502,26,t
728,t,f,2025-11-07 12:22:09.514873+00,2025-11-07 12:22:09.514873+00,,143,,,,26,t
729,t,f,2025-11-07 12:22:09.514875+00,2025-11-07 12:22:09.514875+00,,143,,,,36,f
730,t,f,2025-11-07 12:22:09.514875+00,2025-11-07 12:22:09.514875+00,,143,,,,33,f
731,t,f,2025-11-07 12:49:37.369607+00,2025-11-07 12:49:37.369607+00,,,,,503,26,t
732,t,f,2025-11-07 13:03:19.469366+00,2025-11-07 13:03:19.469366+00,,144,,,,26,t
733,t,f,2025-11-07 13:03:19.469368+00,2025-11-07 13:03:19.469368+00,,144,,,,33,f
734,t,f,2025-11-07 13:17:37.654868+00,2025-11-07 13:17:37.654868+00,,,,,504,26,t
735,t,f,2026-01-29 19:54:02.527393+00,2026-01-29 19:54:02.527394+00,,145,,,,26,t
736,t,f,2026-01-29 19:54:02.527395+00,2026-01-29 19:54:02.527395+00,,145,,,,36,f
737,t,f,2025-11-07 13:49:36.427639+00,2025-11-07 13:49:36.427639+00,,146,,,,26,t
738,t,f,2025-11-07 13:49:36.42764+00,2025-11-07 13:49:36.427641+00,,146,,,,36,f
739,t,f,2025-11-07 13:49:36.427641+00,2025-11-07 13:49:36.427641+00,,146,,,,33,f
740,t,f,2025-11-07 13:53:00.978406+00,2025-11-07 13:53:00.978406+00,,,,,505,26,t
741,t,f,2025-11-07 13:54:22.684497+00,2025-11-07 13:54:22.684497+00,,,,,506,26,t
742,t,f,2025-11-07 13:55:43.526394+00,2025-11-07 13:55:43.526394+00,,,,,507,26,t
743,t,f,2025-11-07 13:57:00.578721+00,2025-11-07 13:57:00.578721+00,,,,,508,26,t
744,t,f,2025-11-07 13:58:29.824473+00,2025-11-07 13:58:29.824473+00,,,,,509,26,t
745,t,f,2025-11-07 13:59:56.434704+00,2025-11-07 13:59:56.434704+00,,,,,510,26,t
746,t,f,2025-11-07 14:01:07.273302+00,2025-11-07 14:01:07.273302+00,,,,,511,26,t
747,t,f,2025-11-07 14:02:13.21201+00,2025-11-07 14:02:13.21201+00,,,,,512,26,t
748,t,f,2025-11-07 14:03:28.227063+00,2025-11-07 14:03:28.227063+00,,,,,513,26,t
749,t,f,2025-11-07 14:04:44.752067+00,2025-11-07 14:04:44.752067+00,,,,,514,26,t
750,t,f,2025-11-07 14:05:54.156401+00,2025-11-07 14:05:54.156401+00,,,,,515,26,t
751,t,f,2025-11-07 14:07:00.220056+00,2025-11-07 14:07:00.220056+00,,,,,516,26,t
752,t,f,2025-11-07 14:08:02.982228+00,2025-11-07 14:08:02.982228+00,,,,,517,26,t
753,t,f,2025-11-07 14:09:11.767708+00,2025-11-07 14:09:11.767708+00,,,,,518,26,t
754,t,f,2025-11-07 14:10:27.83537+00,2025-11-07 14:10:27.83537+00,,,,,519,26,t
755,t,f,2025-11-07 14:11:49.557633+00,2025-11-07 14:11:49.557633+00,,,,,520,26,t
756,t,f,2025-11-07 14:33:00.236201+00,2025-11-07 14:33:00.236201+00,,,,,521,26,t
757,t,f,2025-11-07 14:34:22.571426+00,2025-11-07 14:34:22.571426+00,,,,,522,26,t
758,t,f,2025-11-07 14:35:50.979692+00,2025-11-07 14:35:50.979692+00,,,,,523,26,t
759,t,f,2025-11-07 14:37:01.114242+00,2025-11-07 14:37:01.114243+00,,,,,524,26,t
760,t,f,2025-11-07 14:38:21.596725+00,2025-11-07 14:38:21.596725+00,,,,,525,26,t
761,t,f,2025-11-07 14:39:34.488386+00,2025-11-07 14:39:34.488386+00,,,,,526,26,t
762,t,f,2025-11-07 14:40:57.687489+00,2025-11-07 14:40:57.687489+00,,,,,527,26,t
763,t,f,2025-11-07 14:41:56.7888+00,2025-11-07 14:41:56.7888+00,,,,,528,26,t
764,t,f,2025-11-07 14:46:05.449836+00,2025-11-07 14:46:05.449837+00,,,,,529,26,t
765,t,f,2025-11-07 14:48:14.35699+00,2025-11-07 14:48:14.35699+00,,,,,530,26,t
766,t,f,2025-11-07 15:00:00.384115+00,2025-11-07 15:00:00.384115+00,,,,,531,26,t
767,t,f,2025-11-07 15:03:28.304579+00,2025-11-07 15:03:28.304579+00,,,,,532,26,t
768,t,f,2025-11-07 15:06:13.258818+00,2025-11-07 15:06:13.258818+00,,,,,533,26,t
769,t,f,2025-11-07 15:09:04.726935+00,2025-11-07 15:09:04.726935+00,,,,,534,26,t
770,t,f,2025-11-07 15:11:19.07368+00,2025-11-07 15:11:19.07368+00,,,,,535,26,t
771,t,f,2025-11-07 15:13:47.097154+00,2025-11-07 15:13:47.097154+00,,,,,536,26,t
772,t,f,2025-11-07 15:15:40.574852+00,2025-11-07 15:15:40.574852+00,,,,,537,26,t
773,t,f,2025-11-07 15:18:14.257784+00,2025-11-07 15:18:14.257784+00,,,,,538,26,t
774,t,f,2025-11-07 15:19:50.582465+00,2025-11-07 15:19:50.582465+00,,,,,539,26,t
775,t,f,2025-11-07 15:21:58.574797+00,2025-11-07 15:21:58.574797+00,,,,,540,26,t
776,t,f,2025-11-07 15:23:53.868434+00,2025-11-07 15:23:53.868435+00,,,,,541,26,t
777,t,f,2025-11-07 15:25:33.959379+00,2025-11-07 15:25:33.959379+00,,,,,542,26,t
778,t,f,2025-11-07 15:27:40.728529+00,2025-11-07 15:27:40.728529+00,,,,,543,26,t
779,t,f,2025-11-07 15:32:17.267952+00,2025-11-07 15:32:17.267952+00,,,,,544,26,t
780,t,f,2025-11-07 17:29:06.476508+00,2025-11-07 17:29:06.476508+00,,,,,545,26,t
781,t,f,2025-11-07 17:31:53.500319+00,2025-11-07 17:31:53.500319+00,,,,,546,26,t
782,t,f,2025-11-07 17:34:49.509751+00,2025-11-07 17:34:49.509751+00,,,,,547,26,t
783,t,f,2025-11-07 17:39:15.538776+00,2025-11-07 17:39:15.538776+00,,,,,548,26,t
784,t,f,2025-11-07 17:42:51.379756+00,2025-11-07 17:42:51.379756+00,,,,,549,30,t
785,t,f,2025-11-07 17:46:48.248985+00,2025-11-07 17:46:48.248985+00,,,,,550,31,t
786,t,f,2025-11-07 17:50:22.496753+00,2025-11-07 17:50:22.496753+00,,,,,551,26,t
787,t,f,2025-11-07 17:53:19.324004+00,2025-11-07 17:53:19.324004+00,,,,,552,26,t
788,t,f,2025-11-07 17:56:34.876099+00,2025-11-07 17:56:34.876099+00,,,,,553,26,t
789,t,f,2025-11-08 15:10:19.742302+00,2025-11-08 15:10:19.742302+00,,,,,554,26,t
790,t,f,2025-11-08 15:12:09.617974+00,2025-11-08 15:12:09.617974+00,,,,,555,26,t
791,t,f,2025-11-08 15:13:54.392172+00,2025-11-08 15:13:54.392172+00,,,,,556,26,t
792,t,f,2025-11-08 15:15:51.784175+00,2025-11-08 15:15:51.784176+00,,,,,557,26,t
793,t,f,2025-11-08 15:17:31.900802+00,2025-11-08 15:17:31.900802+00,,,,,558,26,t
794,t,f,2025-11-08 15:30:18.291968+00,2025-11-08 15:30:18.291968+00,,,,,559,26,t
795,t,f,2025-11-08 16:03:07.486995+00,2025-11-08 16:03:07.486996+00,,148,,,,30,t
796,t,f,2025-11-08 16:03:07.487063+00,2025-11-08 16:03:07.487063+00,,148,,,,26,f
797,t,f,2025-11-08 16:05:11.228851+00,2025-11-08 16:05:11.228851+00,,,,,560,30,t
798,t,f,2025-11-08 16:06:14.285128+00,2025-11-08 16:06:14.285128+00,,,,,561,30,t
799,t,f,2026-01-30 12:10:36.534528+00,2026-01-30 12:10:36.534528+00,,150,,,,36,t
800,t,f,2026-01-30 12:10:36.534535+00,2026-01-30 12:10:36.534535+00,,150,,,,29,f
801,t,f,2026-01-30 12:10:36.534535+00,2026-01-30 12:10:36.534535+00,,150,,,,26,f
802,t,f,2026-01-30 12:10:36.534536+00,2026-01-30 12:10:36.534536+00,,150,,,,30,f
803,t,f,2025-11-10 09:55:14.206429+00,2025-11-10 09:55:14.20643+00,,,,,562,26,t
804,t,f,2025-11-10 12:52:41.553758+00,2025-11-10 12:52:41.553758+00,,151,,,,26,t
805,t,f,2025-11-10 12:52:41.553854+00,2025-11-10 12:52:41.553854+00,,151,,,,36,f
806,t,f,2025-11-10 15:38:48.432168+00,2025-11-10 15:38:48.432168+00,,147,,,,26,t
807,t,f,2025-11-10 15:38:48.432236+00,2025-11-10 15:38:48.432236+00,,147,,,,36,f
808,t,f,2025-11-10 16:18:55.047978+00,2025-11-10 16:18:55.047978+00,,153,,,,30,t
809,t,f,2025-11-10 16:18:55.04798+00,2025-11-10 16:18:55.04798+00,,153,,,,26,f
810,t,f,2026-02-04 12:14:30.326093+00,2026-02-04 12:14:30.326093+00,,154,,,,26,t
811,t,f,2026-02-04 12:14:30.326094+00,2026-02-04 12:14:30.326094+00,,154,,,,36,f
812,t,f,2025-11-10 17:38:22.593516+00,2025-11-10 17:38:22.593516+00,,,,,563,26,t
813,t,f,2025-11-10 17:41:51.346023+00,2025-11-10 17:41:51.346023+00,,,,,564,26,t
814,t,f,2025-11-10 17:44:31.637869+00,2025-11-10 17:44:31.637869+00,,,,,565,26,t
815,t,f,2025-11-10 17:47:40.5743+00,2025-11-10 17:47:40.5743+00,,,,,566,26,t
816,t,f,2025-11-10 18:11:49.725607+00,2025-11-10 18:11:49.725607+00,,,,,567,26,t
817,t,f,2025-11-10 18:15:26.070358+00,2025-11-10 18:15:26.070359+00,,,,,568,26,t
818,t,f,2025-11-10 18:21:01.262459+00,2025-11-10 18:21:01.262459+00,,,,,569,26,t
819,t,f,2025-11-10 18:27:38.091889+00,2025-11-10 18:27:38.091889+00,,,,,570,26,t
820,t,f,2025-11-10 18:31:46.248848+00,2025-11-10 18:31:46.248848+00,,,,,571,26,t
821,t,f,2025-11-10 18:35:40.255598+00,2025-11-10 18:35:40.255598+00,,,,,572,26,t
822,t,f,2025-11-10 18:37:56.986283+00,2025-11-10 18:37:56.986283+00,,,,,573,26,t
823,t,f,2025-11-10 18:41:17.979937+00,2025-11-10 18:41:17.979937+00,,,,,574,26,t
824,t,f,2025-11-10 18:43:36.005258+00,2025-11-10 18:43:36.005258+00,,,,,575,26,t
825,t,f,2025-11-10 18:46:14.834995+00,2025-11-10 18:46:14.834995+00,,,,,576,26,t
826,t,f,2025-11-10 18:48:48.392049+00,2025-11-10 18:48:48.392049+00,,,,,577,26,t
827,t,f,2025-11-10 18:51:15.707798+00,2025-11-10 18:51:15.707799+00,,,,,578,26,t
828,t,f,2025-11-10 19:19:46.259845+00,2025-11-10 19:19:46.259846+00,,155,,,,26,t
829,t,f,2025-11-10 19:19:46.259847+00,2025-11-10 19:19:46.259847+00,,155,,,,36,f
830,t,f,2025-11-10 19:21:34.818403+00,2025-11-10 19:21:34.818403+00,,,,,579,26,t
831,t,f,2025-11-10 19:25:28.312293+00,2025-11-10 19:25:28.312293+00,,,,,580,30,t
832,t,f,2025-11-10 19:25:02.39281+00,2025-11-10 19:25:02.39281+00,,,,,581,30,t
833,t,f,2025-11-10 19:27:44.742044+00,2025-11-10 19:27:44.742044+00,,,,,582,26,t
834,t,f,2025-11-10 19:29:15.645218+00,2025-11-10 19:29:15.645218+00,,,,,583,26,t
835,t,f,2025-11-10 19:30:49.045961+00,2025-11-10 19:30:49.045961+00,,,,,584,26,t
836,t,f,2025-11-10 19:32:16.525432+00,2025-11-10 19:32:16.525432+00,,,,,585,26,t
837,t,f,2025-11-10 19:33:48.14117+00,2025-11-10 19:33:48.14117+00,,,,,586,26,t
838,t,f,2025-11-10 19:35:29.234519+00,2025-11-10 19:35:29.234519+00,,,,,587,26,t
839,t,f,2025-11-10 19:36:42.565924+00,2025-11-10 19:36:42.565925+00,,,,,588,26,t
840,t,f,2025-11-10 19:38:06.482004+00,2025-11-10 19:38:06.482004+00,,,,,589,26,t
841,t,f,2025-11-10 19:39:23.890665+00,2025-11-10 19:39:23.890665+00,,,,,590,26,t
842,t,f,2025-11-10 19:40:36.54011+00,2025-11-10 19:40:36.54011+00,,,,,591,26,t
845,t,f,2025-11-13 10:52:05.509841+00,2025-11-13 10:52:05.509841+00,,157,,,,26,t
846,t,f,2025-11-13 10:55:24.305287+00,2025-11-13 10:55:24.305287+00,,,,,594,26,t
847,t,f,2025-11-13 11:39:40.575241+00,2025-11-13 11:39:40.575241+00,,158,,,,26,t
848,t,f,2025-11-13 11:39:40.575243+00,2025-11-13 11:39:40.575243+00,,158,,,,36,f
849,t,f,2025-11-13 12:13:37.272657+00,2025-11-13 12:13:37.272657+00,,159,,,,26,t
850,t,f,2025-11-13 12:33:39.830387+00,2025-11-13 12:33:39.830387+00,,160,,,,26,t
851,t,f,2025-11-13 12:33:39.830388+00,2025-11-13 12:33:39.830388+00,,160,,,,36,f
853,t,f,2025-11-18 12:16:01.51253+00,2025-11-18 12:16:01.51253+00,,162,,,,26,t
854,t,f,2025-11-18 12:16:01.512532+00,2025-11-18 12:16:01.512532+00,,162,,,,33,f
855,t,f,2025-11-18 12:16:01.512532+00,2025-11-18 12:16:01.512532+00,,162,,,,29,f
856,t,f,2025-11-18 12:19:30.72475+00,2025-11-18 12:19:30.72475+00,,,,,596,26,t
857,t,f,2025-11-18 12:22:49.308814+00,2025-11-18 12:22:49.308814+00,,,,,597,26,t
858,t,f,2025-11-18 12:24:00.469011+00,2025-11-18 12:24:00.469011+00,,,,,598,26,t
859,t,f,2025-11-18 12:25:42.699116+00,2025-11-18 12:25:42.699116+00,,,,,599,26,t
860,t,f,2025-11-18 12:28:02.794616+00,2025-11-18 12:28:02.794616+00,,,,,600,26,t
861,t,f,2025-11-18 12:29:39.411656+00,2025-11-18 12:29:39.411656+00,,,,,601,26,t
862,t,f,2025-11-18 12:32:24.817331+00,2025-11-18 12:32:24.817331+00,,,,,602,26,t
863,t,f,2025-11-18 12:34:57.715972+00,2025-11-18 12:34:57.715972+00,,,,,603,26,t
864,t,f,2025-11-18 12:36:22.182798+00,2025-11-18 12:36:22.182798+00,,,,,604,26,t
865,t,f,2025-11-18 12:37:50.325794+00,2025-11-18 12:37:50.325794+00,,,,,605,26,t
866,t,f,2025-11-18 12:40:02.679794+00,2025-11-18 12:40:02.679794+00,,,,,606,26,t
867,t,f,2025-11-18 12:43:13.397133+00,2025-11-18 12:43:13.397133+00,,,,,607,26,t
868,t,f,2025-11-18 12:44:37.854321+00,2025-11-18 12:44:37.854321+00,,,,,608,26,t
869,t,f,2025-11-18 12:45:50.75743+00,2025-11-18 12:45:50.75743+00,,,,,609,26,t
870,t,f,2025-11-18 12:47:35.320453+00,2025-11-18 12:47:35.320453+00,,,,,610,26,t
871,t,f,2026-01-31 09:40:24.712696+00,2026-01-31 09:40:24.712696+00,,161,,,,33,t
872,t,f,2026-01-31 09:40:24.712698+00,2026-01-31 09:40:24.712698+00,,161,,,,26,f
873,t,f,2025-11-18 17:27:39.411926+00,2025-11-18 17:27:39.411926+00,,166,,,,36,t
874,t,f,2025-11-18 17:27:39.411928+00,2025-11-18 17:27:39.411928+00,,166,,,,35,f
875,t,f,2025-11-18 17:32:08.830885+00,2025-11-18 17:32:08.830885+00,,,,,611,36,t
876,t,f,2025-11-18 17:33:45.284299+00,2025-11-18 17:33:45.284299+00,,,,,612,36,t
877,t,f,2025-11-18 17:37:08.733302+00,2025-11-18 17:37:08.733302+00,,,,,613,36,t
878,t,f,2025-11-18 17:39:18.462617+00,2025-11-18 17:39:18.462617+00,,,,,614,36,t
879,t,f,2025-11-18 17:54:03.453291+00,2025-11-18 17:54:03.453292+00,,167,,,,35,t
880,t,f,2025-11-18 17:54:03.453294+00,2025-11-18 17:54:03.453294+00,,167,,,,29,f
881,t,f,2025-11-18 17:54:03.453295+00,2025-11-18 17:54:03.453295+00,,167,,,,30,f
882,t,f,2025-11-18 17:54:03.453295+00,2025-11-18 17:54:03.453295+00,,167,,,,36,f
883,t,f,2025-11-18 18:00:13.306576+00,2025-11-18 18:00:13.306576+00,,,,,615,36,t
884,t,f,2025-11-18 18:05:53.229528+00,2025-11-18 18:05:53.229528+00,,,,,616,26,t
885,t,f,2025-11-18 18:09:03.18355+00,2025-11-18 18:09:03.18355+00,,,,,618,36,t
886,t,f,2025-11-18 18:10:32.395421+00,2025-11-18 18:10:32.395421+00,,,,,619,36,t
888,t,f,2025-11-18 18:12:11.627134+00,2025-11-18 18:12:11.627134+00,,,,,617,36,t
889,t,f,2025-11-18 18:13:34.390914+00,2025-11-18 18:13:34.390914+00,,,,,620,36,t
890,t,f,2025-11-18 18:15:35.335155+00,2025-11-18 18:15:35.335156+00,,,,,621,36,t
891,t,f,2025-11-18 18:39:24.8049+00,2025-11-18 18:39:24.8049+00,,168,,,,26,t
892,t,f,2025-11-18 18:39:24.804901+00,2025-11-18 18:39:24.804901+00,,168,,,,30,f
893,t,f,2025-11-18 18:53:30.664+00,2025-11-18 18:53:30.664001+00,,,,,622,26,t
894,t,f,2025-11-18 18:58:02.990635+00,2025-11-18 18:58:02.990635+00,,,,,623,26,t
895,t,f,2025-11-18 19:13:03.977492+00,2025-11-18 19:13:03.977493+00,,,,,627,30,t
896,t,f,2025-11-18 19:16:20.892139+00,2025-11-18 19:16:20.89214+00,,,,,626,30,t
897,t,f,2025-11-19 07:58:39.08819+00,2025-11-19 07:58:39.08819+00,,,,,628,33,t
898,t,f,2025-11-19 09:01:02.15307+00,2025-11-19 09:01:02.15307+00,,,,,629,29,t
899,t,f,2025-11-19 11:26:53.610821+00,2025-11-19 11:26:53.610821+00,,,,,630,29,t
900,t,f,2025-11-19 11:55:46.150893+00,2025-11-19 11:55:46.150893+00,,,,,631,32,t
902,t,f,2025-11-24 11:17:05.768224+00,2025-11-24 11:17:05.768224+00,,,,,633,26,t
903,t,f,2025-11-24 11:34:31.881308+00,2025-11-24 11:34:31.881308+00,,,,,634,26,t
904,t,f,2025-11-24 11:38:41.489423+00,2025-11-24 11:38:41.489423+00,,,,,635,26,t
905,t,f,2025-11-24 11:41:55.404993+00,2025-11-24 11:41:55.404994+00,,,,,636,26,t
906,t,f,2025-11-24 11:45:56.62739+00,2025-11-24 11:45:56.62739+00,,,,,637,26,t
907,t,f,2025-11-24 11:48:44.047821+00,2025-11-24 11:48:44.047821+00,,,,,638,26,t
908,t,f,2025-11-24 11:53:01.657467+00,2025-11-24 11:53:01.657467+00,,,,,639,26,t
909,t,f,2025-11-25 08:45:24.134797+00,2025-11-25 08:45:24.134798+00,,,,,640,30,t
910,t,f,2025-11-25 08:49:16.225194+00,2025-11-25 08:49:16.225194+00,,,,,641,30,t
911,t,f,2025-11-25 08:51:43.683212+00,2025-11-25 08:51:43.683212+00,,,,,642,30,t
912,t,f,2025-11-25 09:09:55.818217+00,2025-11-25 09:09:55.818217+00,,,,,643,30,t
913,t,f,2025-11-25 09:12:49.382793+00,2025-11-25 09:12:49.382793+00,,,,,644,26,t
914,t,f,2025-11-25 09:15:37.605209+00,2025-11-25 09:15:37.605209+00,,,,,645,26,t
915,t,f,2025-11-25 09:17:38.064688+00,2025-11-25 09:17:38.064688+00,,,,,646,26,t
917,t,f,2025-12-01 12:10:36.039005+00,2025-12-01 12:10:36.039005+00,,169,,,,26,t
918,t,f,2025-12-01 12:10:36.039006+00,2025-12-01 12:10:36.039006+00,,169,,,,29,f
919,t,f,2025-12-01 12:17:45.278539+00,2025-12-01 12:17:45.278539+00,,,,,648,26,t
920,t,f,2025-12-01 12:20:25.156041+00,2025-12-01 12:20:25.156041+00,,,,,649,26,t
921,t,f,2025-12-01 12:21:57.921976+00,2025-12-01 12:21:57.921976+00,,,,,650,26,t
922,t,f,2025-12-01 12:23:25.618744+00,2025-12-01 12:23:25.618744+00,,,,,651,26,t
923,t,f,2025-12-01 12:30:05.167052+00,2025-12-01 12:30:05.167052+00,,,,,652,26,t
924,t,f,2025-12-01 12:32:23.76096+00,2025-12-01 12:32:23.76096+00,,,,,653,26,t
925,t,f,2025-12-02 12:50:32.453262+00,2025-12-02 12:50:32.453262+00,,170,,,,26,t
926,t,f,2025-12-02 13:29:03.715567+00,2025-12-02 13:29:03.715567+00,,171,,,,26,t
927,t,f,2025-12-02 13:29:03.715569+00,2025-12-02 13:29:03.715569+00,,171,,,,29,f
928,t,f,2025-12-04 11:53:08.241864+00,2025-12-04 11:53:08.241864+00,,172,,,,26,t
929,t,f,2025-12-04 11:53:08.241865+00,2025-12-04 11:53:08.241866+00,,172,,,,29,f
930,t,f,2025-12-04 11:53:08.241866+00,2025-12-04 11:53:08.241866+00,,172,,,,30,f
931,t,f,2025-12-04 09:14:09.335422+00,2025-12-04 09:14:09.335422+00,,173,,,,30,t
932,t,f,2025-12-04 09:14:09.335423+00,2025-12-04 09:14:09.335423+00,,173,,,,36,f
933,t,f,2025-12-04 11:20:37.144076+00,2025-12-04 11:20:37.144076+00,,174,,,,26,t
934,t,f,2025-12-04 11:20:37.144091+00,2025-12-04 11:20:37.144091+00,,174,,,,31,f
935,t,f,2025-12-04 11:26:35.53724+00,2025-12-04 11:26:35.537241+00,,,,,654,26,t
936,t,f,2025-12-04 11:28:15.750712+00,2025-12-04 11:28:15.750713+00,,,,,655,32,t
937,t,f,2025-12-04 11:29:21.902162+00,2025-12-04 11:29:21.902162+00,,,,,656,31,t
938,t,f,2025-12-04 11:30:35.093938+00,2025-12-04 11:30:35.093938+00,,,,,657,26,t
939,t,f,2025-12-04 11:33:40.950408+00,2025-12-04 11:33:40.950408+00,,,,,658,26,t
940,t,f,2025-12-04 11:33:03.575292+00,2025-12-04 11:33:03.575293+00,,,,,659,26,t
941,t,f,2025-12-04 11:42:10.171151+00,2025-12-04 11:42:10.171151+00,,,,,660,26,t
942,t,f,2025-12-04 11:44:16.967964+00,2025-12-04 11:44:16.967964+00,,,,,661,26,t
943,t,f,2025-12-04 12:25:21.262499+00,2025-12-04 12:25:21.262499+00,,175,,,,26,t
944,t,f,2025-12-04 12:25:21.262501+00,2025-12-04 12:25:21.262501+00,,175,,,,29,f
945,t,f,2025-12-04 12:31:16.890413+00,2025-12-04 12:31:16.890413+00,,,,,662,26,t
946,t,f,2025-12-04 12:33:05.466316+00,2025-12-04 12:33:05.466316+00,,,,,663,26,t
947,t,f,2025-12-04 12:35:24.315964+00,2025-12-04 12:35:24.315964+00,,,,,664,26,t
948,t,f,2025-12-04 12:37:33.943368+00,2025-12-04 12:37:33.943368+00,,,,,665,26,t
949,t,f,2025-12-04 12:39:20.46835+00,2025-12-04 12:39:20.468351+00,,,,,666,26,t
950,t,f,2025-12-04 12:40:21.106253+00,2025-12-04 12:40:21.106253+00,,,,,667,26,t
951,t,f,2025-12-04 12:41:51.549267+00,2025-12-04 12:41:51.549267+00,,,,,668,29,t
952,t,f,2025-12-04 12:43:13.134772+00,2025-12-04 12:43:13.134772+00,,,,,669,26,t
953,t,f,2025-12-04 12:45:23.56811+00,2025-12-04 12:45:23.56811+00,,,,,670,26,t
954,t,f,2025-12-04 12:47:20.359206+00,2025-12-04 12:47:20.359206+00,,,,,671,26,t
955,t,f,2025-12-04 12:48:54.29272+00,2025-12-04 12:48:54.29272+00,,,,,672,26,t
956,t,f,2025-12-04 12:50:15.765165+00,2025-12-04 12:50:15.765165+00,,,,,673,26,t
957,t,f,2025-12-04 12:51:34.650998+00,2025-12-04 12:51:34.650998+00,,,,,674,26,t
958,t,f,2025-12-04 12:52:51.774634+00,2025-12-04 12:52:51.774634+00,,,,,675,26,t
959,t,f,2025-12-04 12:54:18.838321+00,2025-12-04 12:54:18.838321+00,,,,,676,26,t
960,t,f,2025-12-04 12:55:42.917135+00,2025-12-04 12:55:42.917135+00,,,,,677,26,t
961,t,f,2025-12-04 12:57:06.890262+00,2025-12-04 12:57:06.890262+00,,,,,678,26,t
962,t,f,2025-12-04 12:59:16.072838+00,2025-12-04 12:59:16.072838+00,,,,,679,26,t
963,t,f,2025-12-04 13:00:31.413227+00,2025-12-04 13:00:31.413227+00,,,,,680,26,t
964,t,f,2025-12-04 13:01:39.839051+00,2025-12-04 13:01:39.839051+00,,,,,681,26,t
965,t,f,2025-12-04 13:03:03.19411+00,2025-12-04 13:03:03.19411+00,,,,,682,26,t
966,t,f,2025-12-04 13:04:38.659471+00,2025-12-04 13:04:38.659471+00,,,,,683,26,t
967,t,f,2025-12-04 13:06:05.179622+00,2025-12-04 13:06:05.179622+00,,,,,684,26,t
968,t,f,2025-12-04 13:07:17.331932+00,2025-12-04 13:07:17.331932+00,,,,,685,26,t
969,t,f,2025-12-04 13:08:23.020174+00,2025-12-04 13:08:23.020174+00,,,,,686,26,t
970,t,f,2025-12-04 13:09:56.853186+00,2025-12-04 13:09:56.853186+00,,,,,687,26,t
971,t,f,2025-12-04 13:10:55.393633+00,2025-12-04 13:10:55.393633+00,,,,,688,26,t
972,t,f,2025-12-04 13:12:08.291772+00,2025-12-04 13:12:08.291772+00,,,,,689,26,t
974,t,f,2025-12-08 07:05:46.792933+00,2025-12-08 07:05:46.792933+00,,,,,692,26,t
976,t,f,2025-12-08 12:05:59.532293+00,2025-12-08 12:05:59.532293+00,,178,,,,26,t
977,t,f,2025-12-08 12:05:59.532295+00,2025-12-08 12:05:59.532295+00,,178,,,,30,f
978,t,f,2025-12-08 12:08:48.841177+00,2025-12-08 12:08:48.841177+00,,,,,694,26,t
979,t,f,2025-12-08 12:10:22.195425+00,2025-12-08 12:10:22.195425+00,,,,,695,30,t
980,t,f,2025-12-08 12:12:08.325746+00,2025-12-08 12:12:08.325746+00,,,,,696,30,t
981,t,f,2025-12-08 12:13:24.510327+00,2025-12-08 12:13:24.510327+00,,,,,697,26,t
982,t,f,2025-12-08 17:26:09.083268+00,2025-12-08 17:26:09.083268+00,,179,,,,26,t
983,t,f,2025-12-08 17:26:09.083287+00,2025-12-08 17:26:09.083287+00,,179,,,,30,f
984,t,f,2025-12-08 17:29:12.077657+00,2025-12-08 17:29:12.077657+00,,,,,698,26,t
985,t,f,2025-12-08 17:31:04.564064+00,2025-12-08 17:31:04.564064+00,,,,,699,26,t
986,t,f,2025-12-08 17:32:11.308504+00,2025-12-08 17:32:11.308505+00,,,,,700,26,t
987,t,f,2025-12-08 17:33:44.521177+00,2025-12-08 17:33:44.521177+00,,,,,701,26,t
988,t,f,2025-12-08 17:51:23.698111+00,2025-12-08 17:51:23.698112+00,,,,,702,26,t
989,t,f,2025-12-08 17:53:26.874975+00,2025-12-08 17:53:26.874975+00,,,,,703,26,t
990,t,f,2025-12-08 17:56:02.207815+00,2025-12-08 17:56:02.207815+00,,,,,704,26,t
991,t,f,2025-12-08 17:58:46.041377+00,2025-12-08 17:58:46.041377+00,,,,,705,29,t
992,t,f,2025-12-08 18:01:32.459054+00,2025-12-08 18:01:32.459054+00,,,,,706,29,t
993,t,f,2026-02-07 11:55:54.293065+00,2026-02-07 11:55:54.293065+00,,180,,,,26,t
994,t,t,2025-12-08 19:31:29.569153+00,2025-12-08 19:31:29.569153+00,,180,,,,33,f
995,t,f,2025-12-08 20:17:08.667926+00,2025-12-08 20:17:08.667926+00,,181,,,,26,t
996,t,f,2025-12-08 20:17:08.667927+00,2025-12-08 20:17:08.667928+00,,181,,,,29,f
997,t,f,2025-12-08 20:29:19.611712+00,2025-12-08 20:29:19.611712+00,,,,,707,26,t
998,t,f,2025-12-08 20:35:25.817381+00,2025-12-08 20:35:25.817381+00,,,,,708,26,t
999,t,f,2025-12-08 20:39:58.420002+00,2025-12-08 20:39:58.420002+00,,,,,709,26,t
1000,t,f,2025-12-08 20:43:59.839815+00,2025-12-08 20:43:59.839815+00,,,,,710,26,t
1001,t,f,2025-12-08 20:46:06.55465+00,2025-12-08 20:46:06.55465+00,,,,,711,26,t
1002,t,f,2025-12-08 21:08:29.359198+00,2025-12-08 21:08:29.359198+00,,,,,712,26,t
1003,t,f,2025-12-08 21:11:18.9086+00,2025-12-08 21:11:18.9086+00,,,,,713,26,t
1004,t,f,2025-12-08 21:13:52.915919+00,2025-12-08 21:13:52.91592+00,,,,,714,26,t
1005,t,f,2025-12-08 21:15:40.88074+00,2025-12-08 21:15:40.88074+00,,,,,715,26,t
1006,t,f,2025-12-08 21:18:01.67591+00,2025-12-08 21:18:01.67591+00,,,,,716,26,t
1007,t,f,2026-01-31 09:45:07.983321+00,2026-01-31 09:45:07.983321+00,,182,,,,30,t
1008,t,f,2026-01-31 09:45:07.983322+00,2026-01-31 09:45:07.983322+00,,182,,,,36,f
1011,t,f,2026-01-27 11:08:53.409317+00,2026-01-27 11:08:53.409317+00,,,,,717,26,t
1012,t,f,2026-01-27 11:12:06.403921+00,2026-01-27 11:12:06.403921+00,,,,,718,26,t
1013,t,f,2026-01-27 11:13:56.421301+00,2026-01-27 11:13:56.421301+00,,,,,719,26,t
1014,t,f,2026-01-27 11:16:36.944992+00,2026-01-27 11:16:36.944992+00,,,,,720,26,t
1015,t,f,2026-01-27 11:18:56.16278+00,2026-01-27 11:18:56.16278+00,,,,,721,26,t
1016,t,f,2026-01-27 11:21:26.789115+00,2026-01-27 11:21:26.789116+00,,,,,722,26,t
1017,t,f,2026-01-27 11:23:40.750191+00,2026-01-27 11:23:40.750191+00,,,,,723,26,t
1018,t,f,2026-01-27 11:26:40.727663+00,2026-01-27 11:26:40.727663+00,,,,,724,26,t
1019,t,f,2026-01-27 11:31:00.655792+00,2026-01-27 11:31:00.655792+00,,,,,725,26,t
1020,t,f,2026-01-27 11:33:13.984348+00,2026-01-27 11:33:13.984348+00,,,,,726,26,t
1021,t,f,2026-01-27 11:35:35.804555+00,2026-01-27 11:35:35.804555+00,,,,,727,26,t
1022,t,f,2026-01-27 11:37:56.139629+00,2026-01-27 11:37:56.139629+00,,,,,728,26,t
1023,t,f,2026-01-27 11:40:39.087545+00,2026-01-27 11:40:39.087545+00,,,,,729,26,t
1024,t,f,2026-01-27 11:43:13.557024+00,2026-01-27 11:43:13.557024+00,,,,,730,26,t
1025,t,f,2026-01-27 16:44:26.307032+00,2026-01-27 16:44:26.307033+00,,,,,731,26,t
1026,t,f,2026-01-27 16:49:00.239805+00,2026-01-27 16:49:00.239805+00,,,,,732,26,t
1027,t,f,2026-01-27 16:50:56.443919+00,2026-01-27 16:50:56.443919+00,,,,,733,26,t
1028,t,f,2026-01-27 16:53:15.034575+00,2026-01-27 16:53:15.034575+00,,,,,734,26,t
1029,t,f,2026-01-27 16:56:24.058487+00,2026-01-27 16:56:24.058487+00,,,,,735,26,t
1030,t,f,2026-01-27 16:57:53.044861+00,2026-01-27 16:57:53.044862+00,,,,,736,26,t
1031,t,f,2026-01-27 17:05:17.999487+00,2026-01-27 17:05:17.999487+00,,,,,737,26,t
1032,t,f,2026-01-27 17:08:53.464704+00,2026-01-27 17:08:53.464704+00,,,,,738,26,t
1033,t,f,2026-01-27 17:13:24.598394+00,2026-01-27 17:13:24.598394+00,,,,,739,26,t
1034,t,f,2026-01-27 17:15:46.446946+00,2026-01-27 17:15:46.446946+00,,,,,740,26,t
1035,t,f,2026-01-27 17:19:14.774784+00,2026-01-27 17:19:14.774784+00,,,,,741,26,t
1036,t,f,2026-01-27 17:22:37.509197+00,2026-01-27 17:22:37.509197+00,,,,,742,26,t
1037,t,f,2026-01-31 10:16:29.850579+00,2026-01-31 10:16:29.850579+00,,184,,,,26,t
1038,t,t,2026-01-29 19:51:37.400047+00,2026-01-29 19:51:37.400047+00,,184,,,,30,f
1039,t,f,2026-01-31 10:16:29.850581+00,2026-01-31 10:16:29.850581+00,,184,,,,36,f
1040,t,f,2026-01-30 12:28:50.373396+00,2026-01-30 12:28:50.373396+00,,,,,743,26,t
1041,t,f,2026-01-30 10:57:56.054699+00,2026-01-30 10:57:56.054699+00,,186,,,,26,t
1042,t,f,2026-01-30 10:57:56.054701+00,2026-01-30 10:57:56.054701+00,,186,,,,29,f
1043,t,f,2026-01-30 11:32:39.030173+00,2026-01-30 11:32:39.030173+00,,,,,744,26,t
1044,t,f,2026-01-30 11:45:55.641097+00,2026-01-30 11:45:55.641097+00,,,,,745,26,t
1045,t,f,2026-01-30 11:57:51.152266+00,2026-01-30 11:57:51.152266+00,,,,,746,26,t
1046,t,f,2026-01-30 12:00:23.116425+00,2026-01-30 12:00:23.116425+00,,,,,747,26,t
1047,t,f,2026-01-30 12:03:36.427958+00,2026-01-30 12:03:36.427958+00,,,,,748,26,t
1048,t,f,2026-01-30 12:06:04.455544+00,2026-01-30 12:06:04.455544+00,,,,,749,26,t
1049,t,f,2026-01-30 12:08:15.734808+00,2026-01-30 12:08:15.734808+00,,,,,750,26,t
1050,t,f,2026-01-30 13:43:26.524294+00,2026-01-30 13:43:26.524294+00,,187,,,,26,t
1051,t,f,2026-01-30 13:43:26.524297+00,2026-01-30 13:43:26.524297+00,,187,,,,29,f
1052,t,f,2026-01-30 13:58:21.741484+00,2026-01-30 13:58:21.741485+00,,,,,751,26,t
1053,t,f,2026-01-30 14:01:02.712549+00,2026-01-30 14:01:02.712549+00,,,,,752,26,t
1054,t,f,2026-01-30 14:03:10.376493+00,2026-01-30 14:03:10.376493+00,,,,,753,26,t
1055,t,f,2026-01-30 14:06:11.266938+00,2026-01-30 14:06:11.266938+00,,,,,754,29,t
1056,t,f,2026-01-30 15:09:34.290377+00,2026-01-30 15:09:34.290377+00,,188,,,,30,t
1057,t,f,2026-01-30 15:09:34.290381+00,2026-01-30 15:09:34.290382+00,,188,,,,36,f
1058,t,f,2026-01-30 15:18:07.634394+00,2026-01-30 15:18:07.634394+00,,189,,,,26,t
1059,t,f,2026-01-30 15:18:07.634395+00,2026-01-30 15:18:07.634396+00,,189,,,,30,f
1060,t,f,2026-01-30 15:18:07.634396+00,2026-01-30 15:18:07.634396+00,,189,,,,36,f
1061,t,f,2026-01-30 16:02:33.628743+00,2026-01-30 16:02:33.628743+00,,190,,,,36,t
1062,t,f,2026-02-01 09:51:19.362606+00,2026-02-01 09:51:19.362606+00,,194,,,,26,t
1063,t,f,2026-02-01 09:51:19.362607+00,2026-02-01 09:51:19.362607+00,,194,,,,33,f
1068,t,f,2026-01-30 22:17:18.484703+00,2026-01-30 22:17:18.484704+00,,196,,,,26,t
1069,t,f,2026-01-30 22:17:18.484705+00,2026-01-30 22:17:18.484705+00,,196,,,,36,f
1070,t,f,2026-01-30 22:17:18.484705+00,2026-01-30 22:17:18.484705+00,,196,,,,35,f
1071,t,f,2026-01-30 22:17:18.484705+00,2026-01-30 22:17:18.484705+00,,196,,,,30,f
1072,t,f,2026-01-31 09:44:40.903525+00,2026-01-31 09:44:40.903525+00,,,,,755,30,t
1073,t,f,2026-01-31 09:48:28.161624+00,2026-01-31 09:48:28.161624+00,,,,,756,30,t
1064,t,f,2026-05-13 08:49:25.09672+00,2026-05-13 08:49:25.09672+00,,195,,,,26,t
1065,t,f,2026-05-13 08:49:25.096722+00,2026-05-13 08:49:25.096722+00,,195,,,,33,f
1074,t,f,2026-01-31 09:51:46.598388+00,2026-01-31 09:51:46.598388+00,,,,,757,30,t
1079,t,f,2026-02-01 08:22:00.113201+00,2026-02-01 08:22:00.113201+00,,,,,758,26,t
1080,t,f,2026-02-01 08:26:38.317222+00,2026-02-01 08:26:38.317222+00,,,,,759,26,t
1081,t,f,2026-02-01 23:13:08.485848+00,2026-02-01 23:13:08.485848+00,,,,,760,26,t
1082,t,f,2026-02-01 23:10:39.092711+00,2026-02-01 23:10:39.092711+00,,,,,761,26,t
1083,t,f,2026-02-01 23:20:01.548396+00,2026-02-01 23:20:01.548396+00,,,,,762,26,t
1084,t,f,2026-02-01 23:26:43.775447+00,2026-02-01 23:26:43.775447+00,,,,,763,26,t
1085,t,f,2026-02-02 07:07:52.722225+00,2026-02-02 07:07:52.722225+00,,,,,764,26,t
1086,t,f,2026-02-02 07:10:34.244242+00,2026-02-02 07:10:34.244242+00,,,,,765,26,t
1087,t,f,2026-02-02 07:12:36.711085+00,2026-02-02 07:12:36.711085+00,,,,,766,26,t
1088,t,f,2026-02-02 07:15:25.298662+00,2026-02-02 07:15:25.298662+00,,,,,767,29,t
1089,t,f,2026-02-02 07:18:35.348526+00,2026-02-02 07:18:35.348526+00,,,,,768,26,t
1090,t,f,2026-02-02 07:20:03.770826+00,2026-02-02 07:20:03.770826+00,,,,,769,26,t
1091,t,f,2026-02-02 07:21:50.428862+00,2026-02-02 07:21:50.428862+00,,,,,770,26,t
1092,t,f,2026-02-02 07:23:23.861508+00,2026-02-02 07:23:23.861508+00,,,,,771,26,t
1093,t,f,2026-02-02 07:25:18.828812+00,2026-02-02 07:25:18.828812+00,,,,,772,26,t
1094,t,f,2026-02-02 07:27:06.77941+00,2026-02-02 07:27:06.77941+00,,,,,773,26,t
1095,t,f,2026-02-02 07:28:38.189398+00,2026-02-02 07:28:38.189398+00,,,,,774,26,t
1096,t,f,2026-02-02 07:30:26.296638+00,2026-02-02 07:30:26.296639+00,,,,,775,26,t
1097,t,f,2026-02-02 07:31:44.608103+00,2026-02-02 07:31:44.608103+00,,,,,776,26,t
1098,t,f,2026-02-02 07:33:12.302331+00,2026-02-02 07:33:12.302331+00,,,,,777,26,t
1099,t,f,2026-02-02 07:34:37.631523+00,2026-02-02 07:34:37.631523+00,,,,,778,26,t
1100,t,f,2026-02-02 07:45:08.28241+00,2026-02-02 07:45:08.28241+00,,205,,,,26,t
1101,t,f,2026-02-02 07:45:08.282412+00,2026-02-02 07:45:08.282412+00,,205,,,,29,f
1102,t,f,2026-02-02 08:27:04.91103+00,2026-02-02 08:27:04.91103+00,,206,,,,26,t
1103,t,f,2026-02-02 08:27:04.911031+00,2026-02-02 08:27:04.911031+00,,206,,,,29,f
1104,t,f,2026-02-08 16:11:55.813833+00,2026-02-08 16:11:55.813833+00,,207,,,,26,t
1105,t,f,2026-02-08 16:11:55.813834+00,2026-02-08 16:11:55.813834+00,,207,,,,33,f
1106,t,f,2026-02-02 09:50:37.364383+00,2026-02-02 09:50:37.364383+00,,208,,,,26,t
1107,t,f,2026-02-02 09:50:37.364384+00,2026-02-02 09:50:37.364384+00,,208,,,,30,f
1108,t,f,2026-02-03 10:45:15.460781+00,2026-02-03 10:45:15.460781+00,,210,,,,30,t
1109,t,f,2026-02-03 10:45:15.460783+00,2026-02-03 10:45:15.460783+00,,210,,,,26,f
1110,t,f,2026-02-03 10:45:15.460783+00,2026-02-03 10:45:15.460783+00,,210,,,,36,f
1111,t,f,2026-02-03 22:27:22.589302+00,2026-02-03 22:27:22.589302+00,,191,,,,29,t
1112,t,f,2026-02-03 22:27:22.589304+00,2026-02-03 22:27:22.589304+00,,191,,,,34,f
1113,t,f,2026-02-03 18:14:44.571973+00,2026-02-03 18:14:44.571973+00,,213,,,,26,t
1114,t,f,2026-02-03 18:14:44.571974+00,2026-02-03 18:14:44.571974+00,,213,,,,36,f
1115,t,f,2026-02-03 19:22:51.398991+00,2026-02-03 19:22:51.398991+00,,,,40,,26,t
1116,t,f,2026-02-05 12:30:27.370019+00,2026-02-05 12:30:27.370019+00,,209,,,,30,t
1117,t,f,2026-02-05 12:30:27.37002+00,2026-02-05 12:30:27.37002+00,,209,,,,32,f
1118,t,f,2026-02-05 12:30:27.370021+00,2026-02-05 12:30:27.370021+00,,209,,,,26,f
1119,t,f,2026-02-05 12:30:27.370021+00,2026-02-05 12:30:27.370021+00,,209,,,,34,f
1120,t,f,2026-02-07 11:55:54.293066+00,2026-02-07 11:55:54.293066+00,,180,,,,29,f
1121,t,f,2026-02-08 16:48:22.994069+00,2026-02-08 16:48:22.994069+00,,,,,779,30,t
1122,t,f,2026-02-08 16:52:19.037817+00,2026-02-08 16:52:19.037817+00,,,,,780,30,t
1123,t,f,2026-02-08 16:55:17.459875+00,2026-02-08 16:55:17.459875+00,,,,,781,30,t
1144,t,f,2026-04-03 14:00:58.324541+00,2026-04-03 14:00:58.324541+00,,233,,,,30,t
1145,t,f,2026-04-03 14:00:58.324583+00,2026-04-03 14:00:58.324583+00,,233,,,,29,f
1152,t,f,2026-04-15 18:21:58.240358+00,2026-04-15 18:21:58.240358+00,,237,,,,30,f
1077,t,f,2026-05-21 18:03:50.761388+00,2026-05-21 18:03:50.761388+00,,202,,,,26,t
1078,t,f,2026-05-21 18:03:50.76139+00,2026-05-21 18:03:50.76139+00,,202,,,,29,f
1075,t,f,2026-05-21 09:57:05.648288+00,2026-05-21 09:57:05.648288+00,,201,,,,29,f
1076,t,f,2026-05-21 09:57:05.648288+00,2026-05-21 09:57:05.648288+00,,201,,,,26,f
1147,t,f,2026-04-11 21:41:23.045061+00,2026-04-11 21:41:23.045061+00,,236,,,,29,t
1009,t,f,2026-04-08 07:28:40.070588+00,2026-04-08 07:28:40.070588+00,,183,,,,30,t
1010,t,f,2026-04-08 07:28:40.07059+00,2026-04-08 07:28:40.07059+00,,183,,,,36,f
1136,t,f,2026-04-30 12:11:36.966385+00,2026-04-30 12:11:36.966385+00,,,,,791,26,t
1148,t,f,2026-04-11 21:41:23.045064+00,2026-04-11 21:41:23.045064+00,,236,,,,31,f
1132,t,f,2026-04-02 12:53:40.306195+00,2026-04-02 12:53:40.306195+00,,,,,787,30,t
1133,t,f,2026-04-02 12:57:00.133582+00,2026-04-02 12:57:00.133582+00,,,,,788,30,t
1149,t,f,2026-04-11 21:41:23.045065+00,2026-04-11 21:41:23.045065+00,,236,,,,26,f
1146,t,f,2026-04-08 19:10:38.431378+00,2026-04-08 19:10:38.431378+00,,,,43,,30,t
1127,t,f,2026-04-02 13:06:30.521191+00,2026-04-02 13:06:30.521191+00,,,,,782,26,t
1139,t,f,2026-04-02 13:23:32.918578+00,2026-04-02 13:23:32.918578+00,,,,,794,26,t
1140,t,f,2026-04-02 13:25:49.999245+00,2026-04-02 13:25:49.999245+00,,,,,795,26,t
1141,t,f,2026-04-02 13:28:20.451516+00,2026-04-02 13:28:20.451516+00,,,,,796,26,t
1142,t,f,2026-04-02 14:01:06.304144+00,2026-04-02 14:01:06.304144+00,,,,,797,26,t
1156,t,f,2026-04-23 06:55:52.789616+00,2026-04-23 06:55:52.789617+00,,,,45,,26,t
1143,t,f,2026-04-03 11:24:55.95453+00,2026-04-03 11:24:55.95453+00,,,,,798,30,t
458,t,f,2026-06-01 18:38:54.975058+00,2026-06-01 18:38:54.975058+00,,132,,,,35,t
459,t,f,2026-06-01 18:38:54.975255+00,2026-06-01 18:38:54.975255+00,,132,,,,36,f
1153,t,f,2026-04-16 15:02:35.088191+00,2026-04-16 15:02:35.088191+00,,238,,,,31,t
1154,t,f,2026-04-18 23:31:06.972889+00,2026-04-18 23:31:06.972889+00,,214,,,,29,t
1155,t,f,2026-04-18 23:31:06.972905+00,2026-04-18 23:31:06.972905+00,,214,,,,26,f
1157,t,f,2026-04-26 09:05:04.78044+00,2026-04-26 09:05:04.78044+00,,,,,800,30,t
1151,t,f,2026-04-15 18:21:58.240356+00,2026-04-15 18:21:58.240356+00,,237,,,,29,t
1128,t,f,2026-04-30 12:00:25.884837+00,2026-04-30 12:00:25.884837+00,,,,,783,26,t
1137,t,f,2026-04-30 12:12:14.423922+00,2026-04-30 12:12:14.423922+00,,,,,792,26,t
1138,t,f,2026-04-30 12:12:54.003788+00,2026-04-30 12:12:54.003788+00,,,,,793,26,t
1134,t,f,2026-04-30 12:09:29.917327+00,2026-04-30 12:09:29.917327+00,,,,,789,26,t
1158,t,f,2026-05-07 20:49:39.880489+00,2026-05-07 20:49:39.880489+00,,240,,,,26,t
1159,t,f,2026-05-07 20:49:39.880492+00,2026-05-07 20:49:39.880492+00,,240,,,,29,f
1163,t,f,2026-04-30 12:07:06.907357+00,2026-04-30 12:07:06.907357+00,,,,,801,26,t
1135,t,f,2026-04-30 12:10:09.110277+00,2026-04-30 12:10:09.110277+00,,,,,790,26,t
1164,t,f,2026-04-30 12:16:20.667151+00,2026-04-30 12:16:20.667151+00,,,,,802,30,t
1165,t,f,2026-04-30 12:20:32.696352+00,2026-04-30 12:20:32.696352+00,,,,,803,26,t
1166,t,f,2026-04-30 12:22:27.661383+00,2026-04-30 12:22:27.661383+00,,,,,804,26,t
1167,t,f,2026-04-30 12:24:52.976004+00,2026-04-30 12:24:52.976004+00,,,,,805,26,t
1168,t,f,2026-04-30 12:27:03.195939+00,2026-04-30 12:27:03.195939+00,,,,,806,26,t
1169,t,f,2026-04-30 12:28:58.675836+00,2026-04-30 12:28:58.675836+00,,,,,807,26,t
1170,t,f,2026-04-30 12:30:32.674195+00,2026-04-30 12:30:32.674195+00,,,,,808,26,t
1160,t,f,2026-05-07 20:49:39.880493+00,2026-05-07 20:49:39.880493+00,,240,,,,36,f
1171,t,f,2026-04-30 12:36:01.269562+00,2026-04-30 12:36:01.269562+00,,241,,,,26,t
1174,t,f,2026-04-30 12:32:23.971134+00,2026-04-30 12:32:23.971134+00,,,,,809,26,t
1172,t,f,2026-04-30 12:36:01.269565+00,2026-04-30 12:36:01.269565+00,,241,,,,31,f
1173,t,f,2026-04-30 12:36:01.269565+00,2026-04-30 12:36:01.269565+00,,241,,,,30,f
1177,t,f,2026-05-01 18:43:06.465321+00,2026-05-01 18:43:06.465321+00,,242,,,,26,t
1178,t,f,2026-05-01 18:43:06.465365+00,2026-05-01 18:43:06.465366+00,,242,,,,34,f
1179,t,f,2026-05-01 18:43:06.465367+00,2026-05-01 18:43:06.465367+00,,242,,,,31,f
1180,t,f,2026-05-01 18:43:06.465369+00,2026-05-01 18:43:06.465369+00,,242,,,,30,f
1181,t,f,2026-05-06 12:10:51.727418+00,2026-05-06 12:10:51.727419+00,,243,,,,26,t
1214,t,f,2026-06-02 15:02:04.947744+00,2026-06-02 15:02:04.947744+00,,257,,,,33,f
1161,t,f,2026-05-07 20:49:39.880493+00,2026-05-07 20:49:39.880493+00,,240,,,,30,f
1162,t,f,2026-05-07 20:49:39.880494+00,2026-05-07 20:49:39.880494+00,,240,,,,35,f
1199,t,f,2026-05-20 06:27:27.275813+00,2026-05-20 06:27:27.275813+00,,253,,,,26,t
1200,t,f,2026-05-20 06:27:27.275816+00,2026-05-20 06:27:27.275816+00,,253,,,,30,f
1201,t,f,2026-05-21 09:57:05.648286+00,2026-05-21 09:57:05.648286+00,,201,,,,36,t
1190,t,f,2026-05-21 11:39:46.983971+00,2026-05-21 11:39:46.983972+00,,248,,,,26,t
1191,t,f,2026-05-21 11:39:46.983976+00,2026-05-21 11:39:46.983976+00,,248,,,,29,f
1217,t,t,2026-06-03 14:07:54.152693+00,2026-06-03 14:07:54.152693+00,,258,,,,34,f
1185,t,f,2026-05-12 06:59:09.320919+00,2026-05-12 06:59:09.320919+00,,244,,,,26,t
1186,t,f,2026-05-12 06:59:09.32092+00,2026-05-12 06:59:09.32092+00,,244,,,,29,f
1187,t,f,2026-05-12 06:59:09.32092+00,2026-05-12 06:59:09.32092+00,,244,,,,33,f
1188,t,f,2026-05-12 06:59:09.32092+00,2026-05-12 06:59:09.32092+00,,244,,,,35,f
1189,t,f,2026-05-12 06:59:09.32092+00,2026-05-12 06:59:09.32092+00,,244,,,,36,f
1215,t,f,2026-06-03 14:20:16.842959+00,2026-06-03 14:20:16.842959+00,,258,,,,26,t
1202,t,f,2026-05-23 06:36:12.276013+00,2026-05-23 06:36:12.276013+00,,254,,,,26,t
1203,t,f,2026-05-23 06:36:12.276015+00,2026-05-23 06:36:12.276015+00,,254,,,,29,f
1216,t,f,2026-06-03 14:20:16.84296+00,2026-06-03 14:20:16.84296+00,,258,,,,30,f
1218,t,f,2026-06-03 14:20:16.84296+00,2026-06-03 14:20:16.84296+00,,258,,,,31,f
1219,t,f,2026-06-03 14:20:16.842961+00,2026-06-03 14:20:16.842961+00,,258,,,,29,f
1220,t,f,2026-06-03 14:20:16.842961+00,2026-06-03 14:20:16.842961+00,,258,,,,34,f
1183,t,f,2026-05-26 07:40:44.545944+00,2026-05-26 07:40:44.545944+00,,247,,,,30,t
1184,t,f,2026-05-26 07:40:44.546057+00,2026-05-26 07:40:44.546057+00,,247,,,,36,f
1066,t,f,2026-05-13 08:49:25.096722+00,2026-05-13 08:49:25.096722+00,,195,,,,35,f
1067,t,f,2026-05-13 08:49:25.096723+00,2026-05-13 08:49:25.096723+00,,195,,,,36,f
1192,t,f,2026-05-18 21:05:38.602831+00,2026-05-18 21:05:38.602831+00,,252,,,,36,f
1193,t,t,2026-05-18 20:43:04.512053+00,2026-05-18 20:43:04.512053+00,,252,,,,35,f
1194,t,t,2026-05-18 20:43:04.512054+00,2026-05-18 20:43:04.512054+00,,252,,,,30,f
1195,t,f,2026-05-18 21:05:38.602832+00,2026-05-18 21:05:38.602832+00,,252,,,,26,f
1196,t,f,2026-05-18 21:05:38.602829+00,2026-05-18 21:05:38.602829+00,,252,,,,30,t
1197,t,f,2026-05-18 21:05:38.602832+00,2026-05-18 21:05:38.602832+00,,252,,,,34,f
1198,t,f,2026-05-18 21:05:38.602832+00,2026-05-18 21:05:38.602832+00,,252,,,,32,f
1221,t,f,2026-06-04 16:52:57.644404+00,2026-06-04 16:52:57.644404+00,,259,,,,29,t
1222,t,f,2026-06-04 16:52:57.644405+00,2026-06-04 16:52:57.644406+00,,259,,,,36,f
1223,t,f,2026-06-04 16:52:57.644407+00,2026-06-04 16:52:57.644407+00,,259,,,,30,f
1204,t,f,2026-05-26 18:58:27.267591+00,2026-05-26 18:58:27.267591+00,,255,,,,26,t
1205,t,f,2026-05-26 18:58:27.267594+00,2026-05-26 18:58:27.267594+00,,255,,,,33,f
1206,t,f,2026-05-26 18:58:27.267594+00,2026-05-26 18:58:27.267594+00,,255,,,,34,f
1207,t,f,2026-05-26 18:58:27.267595+00,2026-05-26 18:58:27.267595+00,,255,,,,36,f
1208,t,f,2026-05-26 18:58:27.2676+00,2026-05-26 18:58:27.2676+00,,255,,,,30,f
1209,t,f,2026-05-26 18:58:27.267602+00,2026-05-26 18:58:27.267603+00,,255,,,,35,f
1212,t,f,2026-05-31 15:33:50.898265+00,2026-05-31 15:33:50.898265+00,,256,,,,26,t
1213,t,f,2026-06-02 15:02:04.947742+00,2026-06-02 15:02:04.947742+00,,257,,,,26,t
